,Time,Velocity,Direction,Magnitude
0,0.0,0.2433787,4.188790266666667,0
1,0.1,0.31652626,3.1415927,0
2,0.2,0.1338385,1.9974692916666674,0
3,0.3,0.17943734,4.9741884500000015,0
4,0.4,0.2471385,0.9457247333333334,0
5,0.5,0.2627531,4.188790266666668,0
6,0.6,0.36133927,2.8797933166666665,0
7,0.7,0.25025377,1.53429205,0
8,0.7999999999999999,0.16761942,3.1415927,0
9,0.8999999999999999,0.34539184,1.7670708,0
10,1.0,0.23140484,2.1534452833333346,0
11,1.1,0.24867187,2.3561945833333326,0
12,1.2,0.24894106,1.3950123508333334,0
13,1.3,0.23831932,4.712389033333334,0
14,1.4,0.23558474,1.9758487250000007,0
15,1.5000000000000002,0.2598035,2.356194549999999,0
16,1.6000000000000003,0.25391513,3.1415927,0
17,1.7000000000000004,0.3663377,4.188790233333334,0
18,1.8000000000000005,0.13884614,3.6651914666666676,0
19,1.9000000000000008,0.3323417,2.879793316666667,0
20,2.0000000000000004,0.15845469,1.3777134999999998,0
21,2.1000000000000005,0.36833045,1.8150588166666668,0
22,2.2000000000000006,0.26355118,2.617993933333334,0
23,2.3000000000000007,0.24081889,2.0971321666666665,0
24,2.400000000000001,0.19012241,1.0523527249999998,0
25,2.500000000000001,0.19909054,2.0943951666666663,0
26,2.600000000000001,0.21574658,1.419803916666667,0
27,2.700000000000001,0.21383598,3.9269908500000006,0
28,2.800000000000001,1.1509892,3.6651914666666676,0
29,2.900000000000001,5.3663616,3.141592700000001,0
30,3.0000000000000013,0.3949219,3.1415927,0
31,3.1000000000000014,1.302135,3.6651914666666667,0
32,3.200000000000001,1.1467837,2.087079991666667,0
33,3.3000000000000016,0.43228376,1.5873101333333333,0
34,3.4000000000000017,1.5105673,3.1415927,0
35,3.5000000000000018,1.0813363,1.6052365583333335,0
36,3.600000000000002,0.94062716,2.242433941666667,0
37,3.700000000000002,0.96149033,2.617993933333333,0
38,3.800000000000002,1.3743885,1.560708175,0
39,3.900000000000002,0.44170064,4.188790266666667,0
40,4.000000000000002,0.9375629,2.0943951666666667,0
41,4.100000000000001,1.3759134,3.403392083333334,0
42,4.200000000000001,0.45181155,3.6651915000000006,0
43,4.300000000000001,1.1892135,1.1367386499999999,0
44,4.4,0.9511133,3.4033921166666667,0
45,4.5,0.52999014,3.6651914666666676,0
46,4.6,1.277212,4.712389000000001,0
47,4.699999999999999,0.77820635,2.3561945499999997,0
48,4.799999999999999,1.0809325,1.6997796999999997,0
49,4.899999999999999,0.42448634,2.3561945499999997,0
50,4.999999999999998,0.82827044,3.1415927,0
51,5.099999999999998,0.8997211,3.1415927,0
52,5.1999999999999975,1.0205448,4.712389066666668,0
53,5.299999999999997,1.1135921,3.1415927,0
54,5.399999999999997,0.73437697,3.4033921166666667,0
55,5.4999999999999964,0.41722095,1.8002226499999996,0
56,5.599999999999996,1.1800861,2.6179939333333326,0
57,5.699999999999996,0.44570312,2.0943951666666667,0
58,5.799999999999995,1.223076,1.870043333333334,0
59,5.899999999999995,0.87768614,1.6249156500000002,0
60,5.999999999999995,0.76301223,1.0888314916666664,0
61,6.099999999999994,0.9336643,1.895237633333334,0
62,6.199999999999994,0.83817506,2.8797933166666665,0
63,6.299999999999994,1.60987,2.8797933166666665,0
64,6.399999999999993,0.4779514,3.1415927,0
65,6.499999999999993,0.8662292,3.1415927000000003,0
66,6.5999999999999925,1.2738501,3.6651914666666676,0
67,6.699999999999992,0.43988228,2.8797933166666665,0
68,6.799999999999992,1.3347075,1.684935116666667,0
69,6.899999999999992,0.9012053,2.249362783333334,0
70,6.999999999999991,0.48318633,2.197485191666667,0
71,7.099999999999991,1.1671274,3.6651914666666676,0
72,7.19999999999999,0.9586094,1.970034475,0
73,7.29999999999999,0.8472522,4.974188416666667,0
74,7.39999999999999,0.86251277,3.926990883333334,0
75,7.499999999999989,1.1013467,1.9891166750000007,0
76,7.599999999999989,0.8277519,2.3561945499999997,0
77,7.699999999999989,0.8124961,1.8459943999999997,0
78,7.799999999999988,1.5464945,1.3837322916666663,0
79,7.899999999999988,0.9537632,1.662799375,0
80,7.999999999999988,0.55603987,2.879793316666667,0
81,8.099999999999987,1.3399615,3.1415927000000003,0
82,8.199999999999987,0.9338376,2.6179939666666665,0
83,8.299999999999986,1.3081993,1.8120003499999993,0
84,8.399999999999986,0.9392065,1.7420044749999999,0
85,8.499999999999986,0.9604966,3.1415927333333324,0
86,8.599999999999985,0.97177047,3.6651914666666667,0
87,8.699999999999985,1.2001349,1.3156883249999998,0
88,8.799999999999985,0.9142805,3.1415926999999995,0
89,8.899999999999984,1.247029,3.141592700000001,0
90,8.999999999999984,1.0054655,3.4033921166666663,0
91,9.099999999999984,1.7104915,3.9269908499999997,0
92,9.199999999999983,0.6879332,4.712389066666668,0
93,9.299999999999985,1.5416827,3.1415927000000003,0
94,9.399999999999984,1.2850809,1.4580603250000002,0
95,9.499999999999982,1.1500348,4.450589616666667,0
96,9.599999999999982,1.2198563,2.0943951666666667,0
97,9.699999999999982,1.2117008,3.6651914666666667,0
98,9.79999999999998,1.1941724,3.1415927,0
99,9.89999999999998,1.1265521,2.3314985916666666,0
100,9.99999999999998,1.7254388,2.2187607333333337,0
101,10.09999999999998,0.75865686,2.617993933333333,0
102,10.19999999999998,1.2305448,3.9269908500000006,0
103,10.29999999999998,1.6600479,1.2966806166666667,0
104,10.39999999999998,0.6994438,4.188790233333334,0
105,10.49999999999998,1.6059601,2.6179939333333335,0
106,10.599999999999978,1.1131207,1.4959543333333334,0
107,10.699999999999978,1.1149445,1.8306947583333337,0
108,10.799999999999978,1.1088107,1.8682193166666667,0
109,10.899999999999975,0.9191246,1.6401209916666668,0
110,10.999999999999975,1.4471638,3.926990883333335,0
111,11.099999999999977,0.5067013,3.1415927000000003,0
112,11.199999999999976,0.92062086,2.2223786333333333,0
113,11.299999999999976,1.0947433,3.4033921166666667,0
114,11.399999999999975,0.8219397,2.617993933333333,0
115,11.499999999999975,1.2683593,3.6651914666666667,0
116,11.599999999999977,0.9395356,3.141592700000001,0
117,11.699999999999974,0.49564612,3.1415927,0
118,11.799999999999974,1.3226454,1.832595783333333,0
119,11.899999999999974,0.96699125,4.188790300000001,0
120,11.999999999999972,0.94836736,2.2319913750000007,0
121,12.099999999999971,0.85040605,2.3561945499999997,0
122,12.199999999999973,0.84979784,2.3561945499999997,0
123,12.299999999999972,0.81403303,3.6651915000000006,0
124,12.399999999999972,0.95624924,3.926990850000002,0
125,12.499999999999972,1.371822,4.188790233333334,0
126,12.599999999999971,0.7806889,1.4638053658333332,0
127,12.69999999999997,0.4057209,3.4033921166666667,0
128,12.79999999999997,1.5467937,1.0864019166666663,0
129,12.89999999999997,0.5380375,4.9741884500000015,0
130,12.99999999999997,1.3197243,1.5805216166666667,0
131,13.09999999999997,1.0780929,4.188790233333334,0
132,13.199999999999967,0.9581575,1.5707963999999999,0
133,13.299999999999969,0.8117362,3.4033921166666667,0
134,13.399999999999968,0.93981117,2.0222488750000003,0
135,13.499999999999968,1.0913246,1.8005156833333333,0
136,13.599999999999968,0.86461043,2.2437751083333337,0
137,13.699999999999967,1.0977741,3.403392083333333,0
138,13.799999999999969,1.3892976,1.55094535,0
139,13.899999999999968,0.48758245,4.712389066666668,0
140,13.999999999999966,1.385763,2.5271813749999996,0
141,14.099999999999966,1.016174,1.03825135,0
142,14.199999999999966,0.70304,2.5014639250000004,0
143,14.299999999999963,1.1575644,1.3824288833333334,0
144,14.399999999999965,0.9636249,2.8797933166666665,0
145,14.499999999999964,0.98444223,3.1415927,0
146,14.599999999999964,0.87344307,3.1415927,0
147,14.699999999999964,0.77271944,3.6651914999999997,0
148,14.799999999999963,1.1268955,1.6742266249999997,0
149,14.899999999999965,1.2127091,2.324004691666667,0
150,14.999999999999964,1.3229463,2.8797933166666665,0
151,15.099999999999962,1.1438265,3.4033920833333338,0
152,15.199999999999962,0.5296682,4.450589650000001,0
153,15.299999999999962,1.4977304,3.1415927333333333,0
154,15.39999999999996,0.45170826,2.8797933166666656,0
155,15.49999999999996,1.5376521,1.8618654166666673,0
156,15.59999999999996,1.2295918,3.6651915000000006,0
157,15.69999999999996,1.1631117,3.1415927000000003,0
158,15.79999999999996,0.62037146,2.6179939333333326,0
159,15.89999999999996,0.9948975,2.879793316666667,0
160,15.99999999999996,0.96019953,4.188790233333334,0
161,16.09999999999996,0.90791357,3.926990850000001,0
162,16.19999999999996,1.8166244,3.4033921166666667,0
163,16.29999999999996,0.9363632,3.926990850000001,0
164,16.399999999999963,0.7813454,2.879793316666667,0
165,16.499999999999964,1.349397,1.8865490083333338,0
166,16.599999999999966,0.6356203,2.0943951666666663,0
167,16.699999999999967,1.5180142,3.1415927,0
168,16.79999999999997,0.8774392,3.9269908500000006,0
169,16.89999999999997,1.0401218,2.8797933166666665,0
170,16.99999999999997,1.0686336,2.6179939333333335,0
171,17.099999999999973,0.910229,2.8797933166666656,0
172,17.199999999999974,1.4035041,2.854409966666667,0
173,17.299999999999976,0.521953,2.8797933499999995,0
174,17.399999999999977,1.0371428,3.9269908833333336,0
175,17.49999999999998,1.4379121,2.174459258333334,0
176,17.59999999999998,0.4640085,2.222039716666667,0
177,17.69999999999998,1.2563037,4.712389066666669,0
178,17.799999999999983,1.1653038,1.8475385750000004,0
179,17.899999999999984,0.8604225,2.0943951666666667,0
180,17.999999999999986,0.93154526,2.6179939333333326,0
181,18.099999999999987,0.89628875,3.1415927,0
182,18.19999999999999,1.1545693,1.7545099083333329,0
183,18.29999999999999,0.49513844,3.141592733333332,0
184,18.39999999999999,0.8050311,3.665191533333334,0
185,18.499999999999996,0.8628229,4.450589683333336,0
186,18.599999999999994,0.87179255,2.4281259166666675,0
187,18.7,1.4299762,4.188790233333334,0
188,18.8,0.7865408,3.6651914999999997,0
189,18.9,0.43809623,2.6179939333333326,0
190,19.0,1.1576501,3.926990916666667,0
191,19.1,1.6108478,2.604629025,0
192,19.200000000000003,0.5796419,3.4033921166666667,0
193,19.300000000000004,0.9033622,2.617993933333334,0
194,19.40000000000001,1.1876664,3.9269908833333336,0
195,19.500000000000007,0.415775,4.450589650000001,0
196,19.60000000000001,0.9956066,3.141592700000001,0
197,19.70000000000001,0.9927271,2.8797933166666665,0
198,19.80000000000001,1.5012631,4.188790233333334,0
199,19.900000000000013,0.42777875,3.9269908833333336,0
200,20.00000000000001,0.9752971,3.4033921166666667,0
201,20.100000000000016,0.43980616,2.8797933166666656,0
202,20.200000000000017,1.3200271,3.9269908833333336,0
203,20.30000000000002,0.85926664,0.7471469499999999,0
204,20.40000000000002,0.7530564,2.879793350000001,0
205,20.50000000000002,0.73642355,2.0135333833333338,0
206,20.600000000000023,1.0735794,4.188790233333334,0
207,20.700000000000024,0.7719652,4.712389033333334,0
208,20.800000000000026,0.84457046,1.621806916666667,0
209,20.900000000000027,1.0263022,3.665191533333334,0
210,21.00000000000003,1.2396004,2.1407195333333338,0
211,21.10000000000003,0.6249743,3.9269908833333336,0
212,21.20000000000003,1.2785915,3.6651915000000006,0
213,21.300000000000036,0.9945924,1.6150676000000002,0
214,21.400000000000038,0.40370896,3.926990883333334,0
215,21.50000000000004,1.358799,3.665191533333334,0
216,21.60000000000004,0.977007,1.9340615500000007,0
217,21.70000000000004,0.68471825,1.3180513333333332,0
218,21.80000000000004,0.93126214,4.188790233333334,0
219,21.90000000000004,1.1389475,3.1415927333333333,0
220,22.000000000000043,0.39437625,1.4089726916666665,0
221,22.100000000000044,0.75291914,4.450589616666667,0
222,22.200000000000045,4.9281173,2.8797933166666656,0
223,22.300000000000047,2.1215386,2.6179939333333326,0
224,22.40000000000005,6.3615084,2.617993933333333,0
225,22.50000000000005,4.6720605,1.8794206499999997,0
226,22.60000000000005,2.72155,4.712389066666669,0
227,22.700000000000053,7.0668297,0.9551428166666666,0
228,22.80000000000005,4.307525,2.0943951666666667,0
229,22.900000000000052,7.0636663,3.141592700000001,0
230,23.000000000000057,2.231884,1.7930794833333334,0
231,23.10000000000006,4.5760508,1.8615381666666666,0
232,23.20000000000006,4.7456226,1.0099124166666666,0
233,23.30000000000006,4.783118,3.6651914666666676,0
234,23.400000000000063,7.4864025,4.188790233333334,0
235,23.500000000000064,4.468947,2.0943951666666663,0
236,23.600000000000065,2.661375,3.4033921166666667,0
237,23.700000000000067,9.457076,3.1415927,0
238,23.800000000000068,2.5503244,4.974188416666667,0
239,23.90000000000007,8.632828,1.3380878583333335,0
240,24.00000000000007,4.236663,2.879793316666666,0
241,24.100000000000072,3.9451215,1.6533918583333334,0
242,24.200000000000077,2.7643573,2.773902916666667,0
243,24.300000000000075,1.2674822,1.7035942333333336,0
244,24.40000000000008,1.6906524,3.6651914666666667,0
245,24.50000000000008,0.57324755,2.296285916666667,0
246,24.60000000000008,0.916318,0.69374395,0
247,24.70000000000008,1.4753994,2.6474916833333335,0
248,24.80000000000008,0.6996826,3.141592733333333,0
249,24.900000000000084,1.5110501,3.141592733333332,0
250,25.000000000000085,1.0426483,3.4033921166666667,0
251,25.100000000000087,2.2654274,3.9269908500000006,0
252,25.200000000000088,2.5593913,3.403392083333333,0
253,25.30000000000009,3.7187088,3.926990850000001,0
254,25.40000000000009,5.1875587,2.3561945499999997,0
255,25.50000000000009,4.9881783,3.926990883333336,0
256,25.60000000000009,4.82111,5.2359878333333345,0
257,25.70000000000009,5.0061088,1.9889726500000005,0
258,25.800000000000097,4.8304024,1.5651514000000002,0
259,25.900000000000095,7.9095106,4.974188416666667,0
260,26.0000000000001,5.71813,2.617993933333333,0
261,26.1000000000001,2.4815443,3.6651914666666676,0
262,26.200000000000102,10.528564,4.712389000000001,0
263,26.300000000000104,7.986983,0.7391078749999999,0
264,26.400000000000105,7.689958,3.1415927,0
265,26.500000000000107,7.9074464,1.9192818249999999,0
266,26.600000000000108,7.278453,2.13051715,0
267,26.70000000000011,6.8527293,3.1415927,0
268,26.80000000000011,6.934756,3.1415927333333333,0
269,26.900000000000112,2.3978052,3.926990850000001,0
270,27.000000000000117,3.704254,1.837781175,0
271,27.100000000000115,1.3099244,2.397468808333334,0
272,27.20000000000012,2.6621125,1.2748877666666667,0
273,27.30000000000012,0.26495343,2.2419984750000004,0
274,27.40000000000012,0.6733425,4.974188450000001,0
275,27.50000000000012,0.4438976,3.1415927000000003,0
276,27.60000000000012,0.625902,2.3561945499999997,0
277,27.700000000000124,0.46217048,1.8535494000000006,0
278,27.800000000000125,0.45746276,2.617993966666666,0
279,27.900000000000126,0.450454,3.6651914666666667,0
280,28.000000000000128,0.4083268,3.4033921166666663,0
281,28.10000000000013,0.7422581,3.1415927,0
282,28.20000000000013,0.5349596,2.1077338500000007,0
283,28.30000000000013,0.2461175,2.6179939333333326,0
284,28.400000000000134,0.5651833,2.0943951666666667,0
285,28.50000000000013,0.267993,1.8484601,0
286,28.600000000000136,0.5856699,3.1415927,0
287,28.700000000000134,0.4446667,1.0175776499999998,0
288,28.80000000000014,0.62289757,3.1415927,0
289,28.90000000000014,0.2843919,3.926990883333334,0
290,29.000000000000146,0.4572055,1.5731966750000004,0
291,29.100000000000144,0.7137467,1.8833151500000005,0
292,29.200000000000145,0.24783112,1.2660504166666664,0
293,29.300000000000143,0.5087019,1.1436745166666666,0
294,29.400000000000148,0.9303648,4.712389066666669,0
295,29.50000000000015,0.46291378,1.7338008083333336,0
296,29.60000000000015,1.152504,1.550987025,0
297,29.700000000000152,0.9243387,3.1415927000000003,0
298,29.800000000000157,0.5174917,3.1415926999999986,0
299,29.900000000000155,2.5085082,2.340382575,0
300,30.00000000000016,2.3861103,2.3561945499999997,0
301,30.10000000000016,4.0741735,4.712389066666669,0
302,30.20000000000016,1.3505998,1.5181963916666668,0
303,30.30000000000016,2.7638407,1.9481388666666666,0
304,30.40000000000016,3.0573647,4.188790233333334,0
305,30.500000000000163,2.9773602,3.6651914666666676,0
306,30.600000000000165,5.0546684,4.188790233333335,0
307,30.700000000000166,3.2741003,4.188790233333334,0
308,30.800000000000168,1.5443704,3.4033921166666667,0
309,30.90000000000017,4.531193,3.403392083333333,0
310,31.00000000000017,1.2660505,4.188790233333334,0
311,31.10000000000017,4.5969653,3.1415927000000003,0
312,31.200000000000173,3.1576781,3.9269908500000006,0
313,31.30000000000017,3.018581,3.9269908833333336,0
314,31.400000000000176,3.3104775,4.450589616666667,0
315,31.500000000000178,3.3648217,4.450589616666667,0
316,31.60000000000018,3.064332,2.0943951666666663,0
317,31.70000000000018,2.7166288,1.792823325,0
318,31.800000000000185,3.226471,3.1415927,0
319,31.900000000000183,4.5870724,1.4224317416666663,0
320,32.000000000000185,1.8194047,3.6651914666666667,0
321,32.100000000000186,5.215908,2.6179939333333335,0
322,32.20000000000019,3.7840242,1.1399741416666664,0
323,32.30000000000019,3.5573854,1.7521011916666671,0
324,32.40000000000019,3.2595978,3.1415927000000003,0
325,32.50000000000019,3.2978683,3.1415927,0
326,32.60000000000019,3.1150544,3.403392083333334,0
327,32.700000000000195,4.003281,2.3561945499999997,0
328,32.8000000000002,5.2367396,3.9269908833333336,0
329,32.9000000000002,5.918927,4.188790233333334,0
330,33.0000000000002,5.7455235,3.403392116666667,0
331,33.1000000000002,9.671881,1.5707963999999999,0
332,33.2000000000002,7.109486,2.617993933333333,0
333,33.3000000000002,3.041284,3.9269908499999997,0
334,33.400000000000205,6.9553785,3.9269908833333336,0
335,33.500000000000206,3.594686,1.9496618416666673,0
336,33.60000000000021,4.119877,4.712389000000001,0
337,33.70000000000021,3.797895,3.6651914666666676,0
338,33.80000000000021,3.783276,2.617993933333333,0
339,33.90000000000021,1.3728682,0.9626774833333334,0
340,34.00000000000021,2.7988312,3.6651915000000006,0
341,34.100000000000215,2.8129706,1.793788258333333,0
342,34.200000000000216,2.8391578,3.403392083333333,0
343,34.30000000000022,4.3728013,3.403392116666667,0
344,34.40000000000022,3.1575744,1.5478261000000002,0
345,34.50000000000022,1.7080584,3.665191533333334,0
346,34.60000000000022,4.134505,3.141592700000001,0
347,34.70000000000022,2.3263597,3.9269908833333336,0
348,34.800000000000225,1.3497114,1.0117118250000001,0
349,34.900000000000226,1.2637191,2.0943951666666667,0
350,35.00000000000023,0.9211379,2.617993933333333,0
351,35.10000000000023,0.73109514,3.1415927,0
352,35.20000000000023,0.6786755,1.9935174500000004,0
353,35.30000000000023,1.1124729,3.4033920833333333,0
354,35.40000000000023,1.4398662,4.188790266666667,0
355,35.500000000000234,0.6034248,3.4033920833333333,0
356,35.60000000000024,2.0736456,3.403392083333334,0
357,35.70000000000024,0.919829,4.188790233333335,0
358,35.80000000000024,2.6924877,3.9269908500000006,0
359,35.90000000000024,1.6880232,2.0943951666666667,0
360,36.00000000000024,1.6882408,3.1415926999999995,0
361,36.10000000000024,1.8762926,3.4033920833333333,0
362,36.20000000000024,2.002799,1.5707963999999999,0
363,36.300000000000246,3.3445094,3.1415927,0
364,36.40000000000025,1.2841628,3.1415927000000003,0
365,36.50000000000025,2.4210515,3.6651914666666667,0
366,36.60000000000025,3.5335488,2.3561945499999997,0
367,36.70000000000025,1.109161,1.9389702249999996,0
368,36.80000000000025,3.5318754,1.8338075083333338,0
369,36.900000000000254,1.7156835,1.7458121,0
370,37.000000000000256,1.1526338,3.4033920833333338,0
371,37.10000000000026,3.6726127,1.5707963999999999,0
372,37.20000000000026,2.3236625,3.4033921166666667,0
373,37.30000000000026,3.7736387,2.3561945499999997,0
374,37.40000000000026,4.2377877,3.926990883333334,0
375,37.50000000000026,4.474124,3.1415926999999986,0
376,37.60000000000026,4.621035,1.296296608333333,0
377,37.700000000000266,4.6111345,1.4056474499999996,0
378,37.80000000000027,7.2711406,3.926990916666667,0
379,37.90000000000027,5.026453,2.879793316666667,0
380,38.00000000000027,2.9319916,1.6092047333333328,0
381,38.10000000000027,8.28304,3.1415927333333338,0
382,38.20000000000027,2.8949425,1.832595783333333,0
383,38.300000000000274,12.565644,3.4033921166666667,0
384,38.40000000000028,5.756937,1.0599061083333334,0
385,38.50000000000028,6.269559,1.8190970500000003,0
386,38.60000000000028,3.6079895,1.5365351833333332,0
387,38.70000000000028,6.826562,1.8991866166666667,0
388,38.80000000000028,6.2712846,3.1415927,0
389,38.90000000000028,6.253229,3.141592700000001,0
390,39.00000000000029,6.4013395,2.617993933333333,0
391,39.100000000000286,9.306939,3.4033921166666654,0
392,39.20000000000029,3.1727216,2.0943951666666663,0
393,39.30000000000029,9.529554,3.665191500000001,0
394,39.40000000000029,6.5411158,3.9269908500000006,0
395,39.50000000000029,6.0984054,2.149450791666667,0
396,39.60000000000029,6.2996674,2.3561945499999997,0
397,39.70000000000029,6.819986,4.188790233333334,0
398,39.800000000000296,6.243097,2.8797933499999995,0
399,39.9000000000003,6.206184,0.9589132,0
400,40.0000000000003,9.698113,3.141592699999999,0
401,40.1000000000003,3.4026546,2.0943951666666667,0
402,40.2000000000003,6.5669074,3.926990916666667,0
403,40.3000000000003,9.217042,4.188790233333334,0
404,40.400000000000304,3.1763394,2.2733710000000005,0
405,40.50000000000031,9.7584,3.1415927000000003,0
406,40.60000000000031,6.1204023,3.403392083333333,0
407,40.70000000000031,6.2542086,2.87979335,0
408,40.80000000000031,6.7047777,3.9269908833333336,0
409,40.90000000000031,6.5010805,1.6214929,0
410,41.00000000000031,7.7786922,3.1415927000000003,0
411,41.10000000000032,1.921289,5.2359878333333345,0
412,41.20000000000032,5.2249084,4.188790300000002,0
413,41.30000000000032,3.0080335,3.926990883333335,0
414,41.40000000000032,2.060698,2.8797933499999995,0
415,41.50000000000032,1.8291931,3.1415927,0
416,41.60000000000032,0.6158557,1.9756434333333333,0
417,41.70000000000032,0.26040572,1.005414475,0
418,41.80000000000032,0.8767975,1.832595783333333,0
419,41.900000000000325,0.5645744,3.6651914666666676,0
420,42.00000000000033,0.5847512,2.0943951666666663,0
421,42.10000000000033,0.53538305,2.3020747166666675,0
422,42.20000000000033,0.4930533,4.712389100000002,0
423,42.30000000000033,0.53928626,3.6651915000000006,0
424,42.40000000000033,0.5528209,4.9741884500000015,0
425,42.500000000000334,0.9417608,3.4033921166666654,0
426,42.600000000000335,1.2532662,3.665191533333333,0
427,42.70000000000034,0.61863357,1.6148341166666667,0
428,42.80000000000034,1.7952931,2.6179939333333326,0
429,42.90000000000034,0.70922875,2.1810595833333335,0
430,43.00000000000034,1.762911,2.2487683666666674,0
431,43.10000000000034,1.0894336,1.8446106750000004,0
432,43.20000000000034,1.3982664,4.712389000000001,0
433,43.300000000000345,1.7310307,3.403392116666667,0
434,43.40000000000035,2.0189419,3.1415927333333324,0
435,43.50000000000035,3.6405063,2.2041749250000002,0
436,43.60000000000035,1.4081753,2.173632624999999,0
437,43.70000000000035,2.6287806,1.728823133333333,0
438,43.80000000000035,2.6237469,3.141592733333334,0
439,43.900000000000354,0.9172503,1.8067833666666664,0
440,44.00000000000036,2.756773,3.1415927,0
441,44.10000000000036,2.0649743,1.7905429083333333,0
442,44.20000000000036,0.99536127,2.2319850666666667,0
443,44.30000000000036,2.9718585,4.188790300000001,0
444,44.40000000000036,2.092435,2.879793316666666,0
445,44.50000000000036,2.181479,2.0943951666666663,0
446,44.60000000000037,2.084787,1.967094075,0
447,44.700000000000365,1.7679516,2.879793316666666,0
448,44.80000000000037,2.6945474,2.0222982,0
449,44.90000000000037,2.7444687,1.6441498483333334,0
450,45.00000000000037,5.324735,1.3247694499999993,0
451,45.10000000000037,2.795847,4.974188483333335,0
452,45.20000000000037,1.8058299,3.6651914666666667,0
453,45.30000000000037,4.673292,2.0690544000000006,0
454,45.400000000000375,1.4886801,1.1322636416666665,0
455,45.50000000000038,4.7433195,3.141592700000001,0
456,45.60000000000038,3.3733063,3.6651914666666667,0
457,45.70000000000038,4.884863,1.3125125999999998,0
458,45.80000000000038,1.2905079,1.6186747499999994,0
459,45.90000000000038,3.259955,3.926990850000001,0
460,46.000000000000384,3.2637808,4.712389033333334,0
461,46.10000000000039,3.4241717,3.4033921166666667,0
462,46.20000000000039,5.9846563,2.8797933166666665,0
463,46.30000000000039,4.9765453,3.9269908833333336,0
464,46.40000000000039,2.5333898,3.1415927,0
465,46.50000000000039,7.4161787,2.0943951666666667,0
466,46.60000000000039,4.3404164,3.141592699999999,0
467,46.7000000000004,4.293518,2.8797933166666656,0
468,46.8000000000004,4.917202,2.8797933166666656,0
469,46.9000000000004,4.94406,3.403392083333333,0
470,47.0000000000004,4.9255443,3.1415926999999995,0
471,47.1000000000004,3.2407207,3.6651914666666667,0
472,47.2000000000004,3.6064866,3.6651914666666667,0
473,47.3000000000004,0.9622824,1.9106077000000004,0
474,47.4000000000004,2.5756726,2.2348741666666676,0
475,47.500000000000405,1.924158,2.8797933166666656,0
476,47.600000000000406,0.4874395,4.9741884500000015,0
477,47.70000000000041,1.0321524,4.712389066666668,0
478,47.80000000000041,0.45660737,1.7661993249999997,0
479,47.90000000000041,0.5746593,1.4671729749999995,0
480,48.00000000000041,0.44754398,2.2386536166666673,0
481,48.10000000000041,0.48119843,2.8797933499999995,0
482,48.200000000000415,0.5671446,2.0943951666666667,0
483,48.300000000000416,0.26982102,1.6866113500000004,0
484,48.40000000000042,0.36016694,2.3561945499999997,0
485,48.50000000000042,0.45320547,2.3561945833333326,0
486,48.60000000000042,0.5701054,3.1415927333333338,0
487,48.70000000000042,1.1596028,1.5707963999999999,0
488,48.80000000000042,1.9006486,2.3561945499999997,0
489,48.900000000000425,0.66044456,3.6651914666666676,0
490,49.000000000000426,2.274035,2.0943951666666667,0
491,49.10000000000043,1.5744042,1.1825702666666666,0
492,49.20000000000043,1.6145263,1.8799786666666662,0
493,49.30000000000043,1.7848444,1.5022765499999997,0
494,49.40000000000043,1.6608652,1.8093226833333331,0
495,49.50000000000043,1.7467014,1.9657865916666664,0
496,49.60000000000044,1.572757,3.6651914999999997,0
497,49.70000000000044,2.731806,1.2552771416666664,0
498,49.80000000000044,1.8381629,2.4982717916666672,0
499,49.90000000000044,0.77763194,1.687117133333333,0
500,50.00000000000044,2.696056,2.3561945499999997,0
501,50.10000000000044,1.2789903,2.3577368499999998,0
502,50.20000000000044,2.9602196,3.403392116666665,0
503,50.300000000000445,1.4865941,2.380888858333334,0
504,50.400000000000446,1.723859,3.9269908833333336,0
505,50.50000000000045,1.2745656,3.1415926999999995,0
506,50.60000000000045,1.3077698,4.450589683333333,0
507,50.70000000000045,1.2635441,3.403392083333333,0
508,50.80000000000045,1.2579734,1.65031045,0
509,50.90000000000045,0.7829208,1.9774682833333337,0
510,51.000000000000455,2.0719213,1.8706603666666668,0
511,51.100000000000456,0.766836,2.222224833333333,0
512,51.20000000000046,1.3266188,2.0357256500000007,0
513,51.30000000000046,0.40304172,2.8797933499999995,0
514,51.40000000000046,0.18639463,1.5270568591666662,0
515,51.50000000000046,0.4911067,4.450589683333334,0
516,51.60000000000046,0.38503864,1.546508966666667,0
517,51.70000000000047,0.5465274,3.9269908500000006,0
518,51.80000000000047,0.3331905,2.8797933166666665,0
519,51.90000000000047,0.57425773,3.4033920833333333,0
520,52.00000000000047,0.15425119,3.6651914666666676,0
521,52.10000000000047,0.3688401,1.970485991666667,0
522,52.20000000000047,0.5735245,1.7857697833333337,0
523,52.30000000000047,0.372083,3.1415927000000003,0
524,52.40000000000048,0.4550781,2.0943951666666663,0
525,52.50000000000048,0.34531906,2.6179939333333326,0
526,52.60000000000048,0.32850897,2.3561945499999997,0
527,52.70000000000048,0.5320581,1.50114525,0
528,52.80000000000048,0.23600236,2.0943951666666663,0
529,52.90000000000048,0.57348794,2.012393825,0
530,53.00000000000048,0.24179691,2.0943951666666667,0
531,53.100000000000485,0.34596732,2.0943951666666663,0
532,53.200000000000486,0.36006668,1.4761031666666666,0
533,53.30000000000049,0.35834765,3.9269908499999997,0
534,53.40000000000049,0.4370492,3.926990883333334,0
535,53.50000000000049,0.40421665,1.6263852833333334,0
536,53.60000000000049,0.23197424,1.9471052833333335,0
537,53.70000000000049,0.5471565,3.4033920833333324,0
538,53.800000000000495,0.1562756,3.6651914666666676,0
539,53.900000000000496,0.49577463,4.712389066666668,0
540,54.0000000000005,0.37773734,4.712389100000001,0
541,54.1000000000005,0.3930972,4.188790233333334,0
542,54.2000000000005,0.443614,2.026726733333333,0
543,54.3000000000005,1.276305,1.4945533500000001,0
544,54.4000000000005,3.075021,3.665191500000001,0
545,54.5000000000005,1.2628434,2.087426175,0
546,54.600000000000506,2.7677164,2.082398791666667,0
547,54.70000000000051,4.0439043,2.617993933333333,0
548,54.80000000000051,1.3113632,2.6179939333333335,0
549,54.90000000000051,4.5282497,2.0298171416666664,0
550,55.00000000000051,2.89233,3.1415927,0
551,55.10000000000051,3.5381036,1.820027341666667,0
552,55.200000000000514,3.1184433,0.989174308333333,0
553,55.30000000000052,3.2179992,3.1415926999999986,0
554,55.40000000000052,4.573888,3.4033920833333338,0
555,55.50000000000052,1.4443561,1.9421319083333337,0
556,55.60000000000052,1.4726962,2.8797933166666656,0
557,55.70000000000052,1.9594779,3.4033921166666667,0
558,55.80000000000052,0.5086931,1.2642526083333332,0
559,55.90000000000053,0.47095513,6.021386083333335,0
560,56.000000000000526,0.24024187,2.2093057333333337,0
561,56.10000000000053,0.164946,4.450589716666668,0
562,56.20000000000053,0.3582562,2.106142633333333,0
563,56.30000000000053,0.29774734,0.8956062333333331,0
564,56.40000000000053,0.2179586,3.665191466666666,0
565,56.50000000000053,0.24194293,2.617993933333333,0
566,56.60000000000053,0.32920304,2.6179939333333326,0
567,56.700000000000536,0.30267388,2.2523295333333335,0
568,56.80000000000054,0.31322107,4.188790233333334,0
569,56.90000000000054,0.35337266,1.6795509916666669,0
570,57.00000000000054,1.7406816,4.450589650000001,0
571,57.10000000000054,0.5708763,3.1415927000000003,0
572,57.20000000000054,3.3956199,2.010743891666667,0
573,57.300000000000544,1.404507,4.1887902666666665,0
574,57.40000000000055,4.3151407,4.450589616666668,0
575,57.50000000000055,7.816588,3.665191466666666,0
576,57.60000000000055,1.4449098,2.3353181416666673,0
577,57.70000000000055,3.9987566,1.2804151749999997,0
578,57.80000000000055,3.587631,1.5283850666666667,0
579,57.90000000000055,3.6108363,1.2514450666666663,0
580,58.00000000000056,4.2544484,3.1415926999999986,0
581,58.10000000000056,5.768835,1.7805433166666669,0
582,58.20000000000056,1.624229,3.6651914666666667,0
583,58.30000000000056,5.3603272,2.777741941666667,0
584,58.40000000000056,3.6066837,3.665191466666668,0
585,58.50000000000056,4.3794527,1.9133567250000003,0
586,58.60000000000056,3.505504,3.4033921166666663,0
587,58.70000000000056,3.7894297,1.9876573833333342,0
588,58.800000000000566,4.2378097,3.9269908500000006,0
589,58.90000000000057,3.3956778,3.1415927,0
590,59.00000000000057,3.7148883,3.6651914666666676,0
591,59.10000000000057,6.2727184,3.6651914666666667,0
592,59.20000000000057,2.1525967,2.099426158333334,0
593,59.30000000000057,5.092264,3.926990916666668,0
594,59.400000000000574,1.3097103,3.9269909166666688,0
595,59.500000000000576,2.771589,1.5908058833333327,0
596,59.60000000000058,4.2715244,3.6651914666666667,0
597,59.70000000000058,1.7646914,1.1647240583333334,0
598,59.80000000000058,0.94016516,3.6651914999999997,0
599,59.90000000000058,0.30670655,1.8209717750000003,0
600,60.00000000000058,0.18678427,2.8797933166666656,0
601,60.10000000000058,0.2794019,0.9006271083333333,0
602,60.200000000000585,0.18965688,1.5537939666666667,0
603,60.30000000000059,0.26655996,1.7482883916666667,0
604,60.40000000000059,0.120687306,1.9281844416666667,0
605,60.50000000000059,0.31856012,3.665191499999999,0
606,60.60000000000059,0.33094907,2.192313641666667,0
607,60.70000000000059,0.13179944,1.0465227749999997,0
608,60.800000000000594,0.67120034,2.7284414916666675,0
609,60.9000000000006,1.6745868,1.3846930416666663,0
610,61.0000000000006,0.90958893,3.403392116666667,0
611,61.1000000000006,3.8057175,1.210253983333333,0
612,61.2000000000006,2.890711,3.665191500000001,0
613,61.3000000000006,2.8029146,1.5707963999999999,0
614,61.4000000000006,3.0803804,1.6423014166666665,0
615,61.50000000000061,3.5106657,1.3497733833333332,0
616,61.600000000000605,5.812894,1.7345957166666666,0
617,61.70000000000061,1.7391443,3.6651915000000006,0
618,61.80000000000061,5.503866,3.141592700000001,0
619,61.90000000000061,2.03692,3.1415927,0
620,62.00000000000061,3.881492,1.4177815833333334,0
621,62.10000000000061,7.203457,4.450589616666668,0
622,62.20000000000061,5.0366564,2.617993933333333,0
623,62.300000000000615,5.273686,3.6651914666666676,0
624,62.40000000000062,5.2835164,2.3561945499999997,0
625,62.50000000000062,5.6434865,2.617993933333333,0
626,62.60000000000062,5.706335,2.0943951666666663,0
627,62.70000000000062,5.0210786,2.8797933166666656,0
628,62.80000000000062,8.054601,3.1415927,0
629,62.900000000000624,2.663757,2.617993933333333,0
630,63.00000000000063,6.0787272,1.4481470416666666,0
631,63.10000000000063,8.507835,1.1537901583333332,0
632,63.20000000000063,6.1711645,1.7159222500000002,0
633,63.30000000000063,8.050547,4.188790233333334,0
634,63.40000000000063,7.2633305,1.653210033333333,0
635,63.50000000000063,5.9466033,3.6651914666666676,0
636,63.60000000000064,6.1495304,2.5139760500000006,0
637,63.70000000000064,6.705924,3.6651914666666667,0
638,63.80000000000064,5.8499956,1.6141365250000004,0
639,63.90000000000064,6.320495,3.4033920833333333,0
640,64.00000000000064,9.662667,3.1415927,0
641,64.10000000000063,2.9329522,2.879793316666666,0
642,64.20000000000063,5.958001,2.879793316666667,0
643,64.30000000000062,9.391906,3.1415927000000003,0
644,64.40000000000062,6.6800776,3.1415927,0
645,64.50000000000061,6.157752,3.9269908500000006,0
646,64.6000000000006,6.386877,3.141592700000001,0
647,64.7000000000006,7.290312,4.712389000000001,0
648,64.8000000000006,7.13756,1.3324885750000002,0
649,64.90000000000059,6.917482,3.141592700000001,0
650,65.00000000000058,9.395332,4.450589683333334,0
651,65.10000000000058,11.106274,4.188790266666668,0
652,65.20000000000057,10.514666,2.6179939333333335,0
653,65.30000000000057,11.024746,2.3545928833333334,0
654,65.40000000000056,2.7705212,1.2087312999999995,0
655,65.50000000000055,9.086669,2.0943951666666663,0
656,65.60000000000055,7.091428,2.879793316666667,0
657,65.70000000000054,6.3430333,4.188790233333334,0
658,65.80000000000054,6.274177,3.6651914666666667,0
659,65.90000000000053,7.3257484,3.1415927,0
660,66.00000000000053,7.5073423,2.3561945499999997,0
661,66.10000000000052,6.3734303,2.6179939333333326,0
662,66.20000000000051,7.7260604,3.6651914666666676,0
663,66.30000000000051,9.028614,2.8797933166666665,0
664,66.4000000000005,3.6778007,1.275241758333333,0
665,66.5000000000005,9.129683,3.6651914666666676,0
666,66.60000000000049,3.6719623,2.8797933166666665,0
667,66.70000000000049,6.4029284,3.1415927000000003,0
668,66.80000000000048,8.070525,3.1415926999999995,0
669,66.90000000000047,5.4187484,1.832595783333333,0
670,67.00000000000047,5.537878,1.5707963999999999,0
671,67.10000000000046,3.3170187,1.8298405333333332,0
672,67.20000000000046,0.9911188,2.397341966666668,0
673,67.30000000000045,3.124249,3.1415927333333333,0
674,67.40000000000045,2.1687078,3.665191466666666,0
675,67.50000000000044,3.5023086,3.6651914666666667,0
676,67.60000000000043,1.0686954,2.0943951666666663,0
677,67.70000000000043,2.0782452,2.0943951666666667,0
678,67.80000000000042,1.7005881,3.926990883333334,0
679,67.90000000000042,0.41567594,1.5481087249999999,0
680,68.00000000000041,1.0637149,4.974188516666668,0
681,68.1000000000004,0.96938413,4.712389033333334,0
682,68.2000000000004,0.60932827,2.4340164583333337,0
683,68.3000000000004,3.162811,3.141592700000001,0
684,68.40000000000039,2.2893264,1.5422471333333334,0
685,68.50000000000038,2.732124,1.832003508333334,0
686,68.60000000000038,3.1532972,2.87979335,0
687,68.70000000000037,5.0483317,2.3034630833333334,0
688,68.80000000000037,9.159227,2.3561945499999997,0
689,68.90000000000036,3.314391,4.974188416666667,0
690,69.00000000000036,8.458657,2.8797933166666656,0
691,69.10000000000035,3.1413398,2.6179939333333326,0
692,69.20000000000034,5.982895,3.926990850000001,0
693,69.30000000000034,8.109374,1.8804568583333336,0
694,69.40000000000033,5.7399144,3.4033921166666663,0
695,69.50000000000033,4.753626,1.3775040583333331,0
696,69.60000000000032,2.035655,2.3561945499999997,0
697,69.70000000000032,0.6459915,4.188790300000002,0
698,69.80000000000031,0.460869,2.356194549999999,0
699,69.9000000000003,0.6595408,2.6179939333333326,0
700,70.0000000000003,1.1460729,4.1887902666666665,0
701,70.10000000000029,0.26817283,3.403392083333332,0
702,70.20000000000029,0.81000113,1.3329768083333333,0
703,70.30000000000028,0.20611824,3.4033921166666667,0
704,70.40000000000028,0.44866627,3.926990883333334,0
705,70.50000000000027,1.7134937,4.188790233333335,0
706,70.60000000000026,4.6711073,3.403392083333333,0
707,70.70000000000026,4.2114563,2.0943951666666663,0
708,70.80000000000025,3.9470382,3.6651915000000006,0
709,70.90000000000025,4.0147176,2.0398159333333337,0
710,71.00000000000024,4.2680764,3.6651914666666667,0
711,71.10000000000024,3.7924812,3.926990883333334,0
712,71.20000000000023,5.3293285,3.4033921166666667,0
713,71.30000000000022,1.7943152,3.1415927,0
714,71.40000000000022,3.3878741,3.141592700000001,0
715,71.50000000000021,4.7343903,2.6179939333333326,0
716,71.60000000000021,1.4764688,3.6651914666666676,0
717,71.7000000000002,0.54371953,3.665191466666666,0
718,71.8000000000002,0.8969337,3.4033921166666676,0
719,71.90000000000019,3.442576,2.879793316666666,0
720,72.00000000000018,4.0714016,3.926990883333334,0
721,72.10000000000018,4.2793765,2.617993933333334,0
722,72.20000000000017,4.3482738,3.6651914666666676,0
723,72.30000000000017,4.336293,2.724596333333334,0
724,72.40000000000016,4.1819415,2.8797933166666665,0
725,72.50000000000016,5.971831,3.6651914666666676,0
726,72.60000000000015,2.3709574,2.617993933333333,0
727,72.70000000000014,6.557225,3.6651914666666676,0
728,72.80000000000014,4.681584,3.9269908833333336,0
729,72.90000000000013,2.5839934,1.8345492250000004,0
730,73.00000000000013,7.562364,3.926990883333334,0
731,73.10000000000012,5.4621477,1.5746771666666666,0
732,73.20000000000012,5.5325484,3.926990916666667,0
733,73.30000000000011,5.379747,3.1415927000000003,0
734,73.4000000000001,5.7208624,3.403392083333334,0
735,73.5000000000001,7.9466004,1.535522433333333,0
736,73.6000000000001,3.1305473,3.403392083333334,0
737,73.70000000000009,8.587894,1.3687997249999997,0
738,73.80000000000008,3.4726684,1.9252864500000004,0
739,73.90000000000008,7.118356,3.1415927,0
740,74.00000000000007,4.5780034,2.879793316666666,0
741,74.10000000000007,0.40162355,1.776891233333333,0
742,74.20000000000006,0.57512176,2.879793316666667,0
743,74.30000000000005,0.36006886,3.6651914666666676,0
744,74.40000000000005,0.24523015,1.5181809249999998,0
745,74.50000000000004,0.70764077,1.681687816666667,0
746,74.60000000000004,0.5163027,3.4033921166666667,0
747,74.70000000000003,0.70565486,4.450589650000001,0
748,74.80000000000003,0.2322566,3.6651914666666667,0
749,74.90000000000002,0.6712462,2.6179939333333326,0
750,75.00000000000001,0.5487878,2.3342736833333344,0
751,75.10000000000001,0.29024652,1.657085,0
752,75.2,0.6257741,1.6141851999999992,0
753,75.3,0.45923764,1.7095018666666664,0
754,75.39999999999999,0.25610024,3.6651914666666676,0
755,75.49999999999999,0.6418555,1.5580246833333335,0
756,75.59999999999998,0.41735867,1.5409590166666662,0
757,75.69999999999997,0.45455983,3.403392083333333,0
758,75.79999999999997,0.50034755,3.6651914666666676,0
759,75.89999999999996,0.7406655,1.8668288750000004,0
760,75.99999999999996,0.23938446,1.8564729000000004,0
761,76.09999999999995,0.45990396,3.403392116666667,0
762,76.19999999999995,0.7827437,1.8065228333333334,0
763,76.29999999999994,0.32389504,1.971682383333334,0
764,76.39999999999993,0.69012433,1.2639521,0
765,76.49999999999993,0.57151556,1.982577183333333,0
766,76.59999999999992,0.49860176,1.4739455166666666,0
767,76.69999999999992,0.71091443,2.7584195166666663,0
768,76.79999999999991,0.515897,1.5779786,0
769,76.8999999999999,0.31964818,3.6651914666666667,0
770,76.9999999999999,0.5030065,3.6651914666666676,0
771,77.0999999999999,0.6288052,3.1415927,0
772,77.19999999999989,0.7812884,2.8797933166666665,0
773,77.29999999999988,0.33211914,2.8797933166666656,0
774,77.39999999999988,0.72579765,4.188790266666668,0
775,77.49999999999987,0.22070435,4.450589650000001,0
776,77.59999999999987,0.7139208,1.5922341166666665,0
777,77.69999999999986,0.4889509,2.879793316666666,0
778,77.79999999999986,0.46859494,2.0105788250000005,0
779,77.89999999999985,0.4907254,1.7322385499999997,0
780,77.99999999999984,0.4313236,1.8469748416666667,0
781,78.09999999999984,0.40148813,3.403392116666667,0
782,78.19999999999983,0.4504538,2.8797933166666665,0
783,78.29999999999983,0.5509007,2.167499866666667,0
784,78.39999999999982,0.596892,3.4033921166666654,0
785,78.49999999999982,0.2809369,2.8797933166666656,0
786,78.59999999999981,0.41486156,1.5707963999999999,0
787,78.6999999999998,0.63140815,3.403392116666667,0
788,78.7999999999998,0.43017223,2.3272217166666667,0
789,78.89999999999979,0.4269606,1.6703020249999994,0
790,78.99999999999979,0.3887102,3.141592733333333,0
791,79.09999999999978,0.22823682,1.9825952833333333,0
792,79.19999999999978,0.6773077,1.9382485750000003,0
793,79.29999999999977,0.41330087,3.926990883333335,0
794,79.39999999999976,0.4791795,1.5642679083333335,0
795,79.49999999999976,0.39159295,3.4033921499999993,0
796,79.59999999999975,0.35539815,1.5733124166666668,0
797,79.69999999999975,0.607544,2.102624041666667,0
798,79.79999999999974,0.19841784,4.188790266666667,0
799,79.89999999999974,0.51937985,2.0943951666666667,0
800,79.99999999999973,0.664627,1.9887082833333334,0
801,80.09999999999972,0.3851437,1.9551319000000003,0
802,80.19999999999972,1.836737,3.6651914666666667,0
803,80.29999999999971,2.0977304,2.8797933166666656,0
804,80.39999999999971,3.063956,3.9269908499999997,0
805,80.4999999999997,3.038346,2.8797933166666665,0
806,80.5999999999997,3.7353525,3.6651915000000006,0
807,80.69999999999969,6.299917,4.450589616666667,0
808,80.79999999999968,2.0151222,4.188790233333333,0
809,80.89999999999968,5.9731464,3.1415927,0
810,80.99999999999967,1.8762134,2.0966190583333333,0
811,81.09999999999967,3.0261254,1.6782514916666667,0
812,81.19999999999966,3.5605516,2.029413641666667,0
813,81.29999999999966,2.4051926,1.5707963999999999,0
814,81.39999999999965,1.9429157,1.5285410916666669,0
815,81.49999999999964,1.1325824,1.6889097416666665,0
816,81.59999999999964,0.5535685,1.1529625583333336,0
817,81.69999999999963,0.3705542,3.4033921166666676,0
818,81.79999999999963,0.301305,0.7547637833333333,0
819,81.89999999999962,0.5018893,3.6651914999999997,0
820,81.99999999999962,0.21614988,1.832595783333333,0
821,82.09999999999961,0.5384285,4.712389033333334,0
822,82.1999999999996,0.21936513,4.712389066666668,0
823,82.2999999999996,0.32399657,2.271966275,0
824,82.3999999999996,0.5858269,2.1734457750000002,0
825,82.49999999999959,0.42698807,1.4443409249999997,0
826,82.59999999999958,0.39200976,3.141592699999999,0
827,82.69999999999958,0.43428692,1.1591465083333332,0
828,82.79999999999957,0.3912253,2.6179939333333326,0
829,82.89999999999957,0.34615603,2.0943951666666667,0
830,82.99999999999956,0.4373381,1.108638075,0
831,83.09999999999955,0.6020234,3.6651914666666676,0
832,83.19999999999955,0.22632669,3.4033921166666667,0
833,83.29999999999954,0.43433738,1.5798933,0
834,83.39999999999954,0.65619606,3.4033920833333315,0
835,83.49999999999953,0.20330498,2.0232773333333336,0
836,83.59999999999953,0.53780496,4.9741884500000015,0
837,83.69999999999952,0.36482254,1.658794733333333,0
838,83.79999999999951,0.42179525,2.192462966666667,0
839,83.89999999999951,0.46882838,3.9269908499999997,0
840,83.9999999999995,0.4926649,3.1415927333333324,0
841,84.0999999999995,0.4300927,1.5011372250000001,0
842,84.19999999999949,0.38288623,3.403392083333333,0
843,84.29999999999949,0.3941284,2.8797933166666656,0
844,84.39999999999948,0.5860943,1.3786123333333338,0
845,84.49999999999947,0.2663486,1.2247633166666665,0
846,84.59999999999947,0.59611475,3.4033920833333338,0
847,84.69999999999946,0.23075937,4.712389033333334,0
848,84.79999999999946,0.60518754,2.1785258833333345,0
849,84.89999999999945,0.37125796,2.6179939666666656,0
850,84.99999999999945,0.33422542,2.0881272250000005,0
851,85.09999999999944,0.42870572,4.450589650000001,0
852,85.19999999999943,0.39275756,1.9987337083333334,0
853,85.29999999999943,0.37145713,4.712389100000001,0
854,85.39999999999942,0.43168294,3.9269908833333336,0
855,85.49999999999942,0.41182128,1.9730308666666667,0
856,85.59999999999941,0.60226154,1.9474015166666672,0
857,85.6999999999994,0.2674066,4.188790233333334,0
858,85.7999999999994,0.338453,1.3696550416666664,0
859,85.8999999999994,0.54660237,1.476886975,0
860,85.99999999999939,0.43463716,3.1415927000000003,0
861,86.09999999999938,0.41551575,1.665631191666667,0
862,86.19999999999938,0.3784985,3.926990883333335,0
863,86.29999999999937,0.24935769,3.1415927,0
864,86.39999999999937,0.6384676,4.450589650000001,0
865,86.49999999999936,0.32830536,1.9016798083333333,0
866,86.59999999999935,0.40923196,1.2762870633333323,0
867,86.69999999999935,0.39068592,1.782985633333333,0
868,86.79999999999934,0.37501344,3.1415926999999986,0
869,86.89999999999934,0.824254,1.9115469833333334,0
870,86.99999999999933,0.37799615,3.926990850000002,0
871,87.09999999999933,1.8947399,2.397584275000001,0
872,87.19999999999932,1.4500221,3.6651914666666676,0
873,87.29999999999932,0.7425525,2.3851878416666668,0
874,87.39999999999931,2.392167,3.665191533333334,0
875,87.4999999999993,1.3962935,2.6179939333333335,0
876,87.5999999999993,1.3411866,2.2031585000000007,0
877,87.69999999999929,2.6579633,3.9269908833333336,0
878,87.79999999999929,3.0471907,4.712389066666668,0
879,87.89999999999928,5.601565,2.6179939333333326,0
880,87.99999999999928,1.9418966,3.6651915000000006,0
881,88.09999999999927,8.085836,4.188790333333333,0
882,88.19999999999926,2.44075,2.098808758333334,0
883,88.29999999999926,7.1549635,3.1415927,0
884,88.39999999999925,4.6944547,1.6270622166666664,0
885,88.49999999999925,4.652399,3.6651914666666676,0
886,88.59999999999924,3.4217734,2.243406883333334,0
887,88.69999999999924,1.280232,3.40339215,0
888,88.79999999999923,0.34219146,1.6798980833333337,0
889,88.89999999999922,0.3851012,4.188790266666667,0
890,88.99999999999922,0.32491502,3.1415927333333338,0
891,89.09999999999921,0.5607374,2.4306550250000005,0
892,89.1999999999992,0.24677418,4.712389033333334,0
893,89.2999999999992,0.5759914,2.0115957583333337,0
894,89.3999999999992,0.20590958,4.45058965,0
895,89.49999999999919,0.38807014,1.6124057416666666,0
896,89.59999999999918,0.49147555,1.5443206750000003,0
897,89.69999999999918,0.3587138,1.8973375666666668,0
898,89.79999999999917,0.35153753,3.4033920833333338,0
899,89.89999999999917,0.41294107,1.680084625,0
900,89.99999999999916,0.3932051,3.4033920833333338,0
901,90.09999999999916,0.36918834,2.617993933333333,0
902,90.19999999999916,0.4157423,1.4616847166666664,0
903,90.29999999999914,0.5758359,1.893000516666667,0
904,90.39999999999914,0.17895496,4.188790233333334,0
905,90.49999999999912,0.32946923,1.9162640416666668,0
906,90.59999999999911,0.50181323,3.4033920833333338,0
907,90.69999999999912,0.20030646,4.188790233333334,0
908,90.79999999999912,0.5339183,1.3166911916666664,0
909,90.89999999999912,0.36312377,1.2936343916666668,0
910,90.9999999999991,0.2793814,2.316187508333334,0
911,91.0999999999991,0.31294402,1.5631930250000001,0
912,91.1999999999991,0.33112416,2.0512110333333347,0
913,91.29999999999907,0.37959027,3.4033920833333338,0
914,91.39999999999908,0.33426097,1.5785548999999999,0
915,91.49999999999908,0.3477081,3.9269908500000006,0
916,91.59999999999908,0.45082542,2.407602766666667,0
917,91.69999999999906,0.20342909,1.1692302416666667,0
918,91.79999999999906,0.3961004,2.3175173666666664,0
919,91.89999999999904,0.16281341,2.617993933333333,0
920,91.99999999999903,0.33871695,1.841815308333334,0
921,92.09999999999904,0.488302,3.665191500000001,0
922,92.19999999999904,0.30859363,4.974188450000001,0
923,92.29999999999905,0.31851935,2.8797933166666665,0
924,92.39999999999904,0.34217566,1.8597750666666668,0
925,92.49999999999902,0.27528358,1.2296158008333324,0
926,92.599999999999,0.28001624,3.665191533333333,0
927,92.699999999999,0.36400253,4.188790266666667,0
928,92.799999999999,0.45253593,1.6193566750000001,0
929,92.899999999999,0.19834627,1.1376597499999994,0
930,92.999999999999,0.31053838,4.450589683333336,0
931,93.099999999999,0.54757196,1.5392221916666666,0
932,93.19999999999898,0.33236736,4.712389100000001,0
933,93.29999999999896,0.32059413,1.9242973166666668,0
934,93.39999999999895,0.2736213,3.463936058333334,0
935,93.49999999999896,0.39224538,1.6828686866666667,0
936,93.59999999999896,0.3384135,2.2639971416666667,0
937,93.69999999999897,0.32512504,2.8797933166666665,0
938,93.79999999999896,0.38253772,3.4033920833333315,0
939,93.89999999999894,0.31515923,2.6179939333333326,0
940,93.99999999999892,0.43934226,4.188790233333335,0
941,94.09999999999891,0.24945094,4.1887903,0
942,94.19999999999892,0.12515944,1.413342425,0
943,94.29999999999892,0.45195076,4.1887902666666665,0
944,94.39999999999893,0.31080446,3.9269908500000006,0
945,94.4999999999989,0.2947153,2.398752425,0
946,94.5999999999989,0.22782092,1.7434734166666663,0
947,94.6999999999989,0.3380834,2.318120283333333,0
948,94.79999999999887,0.29238525,3.6651914999999997,0
949,94.89999999999888,0.31978425,2.3341536333333335,0
950,94.99999999999888,0.29619256,2.172445541666667,0
951,95.09999999999889,0.28322583,2.335411175,0
952,95.19999999999888,0.26702744,3.403392116666667,0
953,95.29999999999886,0.46651527,2.3029639833333335,0
954,95.39999999999884,0.14471975,1.6918920833333335,0
955,95.49999999999883,0.47043654,1.2007848999999995,0
