Time,Average Movement,Average Movement Size,Average Movement Direction
0.03467406380027739,7.993055555555555,2.827199242281229,-163.00793151152408
0.24271844660194175,6.193548387096774,2.4886840673530206,-161.1174023813272
0.31206657420249656,5.4423076923076925,2.332875412941654,-162.53158279525667
0.4507628294036061,4.93956043956044,2.222512191093772,-162.90800964789125
0.5201109570041609,7.053097345132743,2.6557668092535427,-164.37030569502508
0.5894590846047156,4.298507462686567,2.0732842213952645,-161.3047740346149
0.6588072122052705,4.9324324324324325,2.2209080198046096,-159.52287536523346
0.7281553398058253,5.268421052631579,2.2953041307485984,-164.39170804919559
0.79750346740638,3.3424657534246576,1.8282411639126435,-157.38636011528598
0.8668515950069349,5.078431372549019,2.253537524104939,-158.58381528377987
0.9361997226074896,1.5515463917525774,1.2456108508489228,-158.03691180316372
1.0055478502080444,2.625,1.620185174601965,-158.23517315131534
1.0748959778085991,2.717741935483871,1.6485575317482466,-160.1615734550734
1.1442441054091539,3.1769230769230767,1.7823925148302988,-159.52076929929953
1.2135922330097089,3.1682242990654204,1.7799506451206506,-157.75709324524638
1.2829403606102636,4.635658914728682,2.1530580379378264,-160.69354541362813
1.3522884882108184,6.455445544554456,2.54075688418913,-156.54292293338818
1.4216366158113731,10.495283018867925,3.239642421451467,-157.59700268886792
1.5603328710124826,8.066666666666666,2.840187787218772,-161.70159545953746
1.6296809986130374,5.959349593495935,2.4411779110699685,-158.96022169800418
1.7683772538141471,5.078767123287672,2.2536120170268155,-162.49495618958142
1.8377253814147019,3.3777173913043477,1.8378567385148243,-160.07000145859394
1.9070735090152566,2.6142857142857143,1.6168752933623898,-159.1180229411504
2.045769764216366,2.4017857142857144,1.5497695681247952,-158.53520489023947
2.115117891816921,2.9545454545454546,1.7188791273808215,-161.2561196731405
2.2538141470180304,4.410714285714286,2.100170061141308,-170.38173421599615
2.323162274618585,4.686131386861314,2.164747418721481,-159.44019341404683
2.3925104022191404,7.1273792093704245,2.669715192557143,-158.37419040093587
2.461858529819695,198.1130017452007,14.07526204889986,-151.22803957348933
2.53120665742025,8.63076923076923,2.937817085995864,-157.2742829744096
2.6005547850208046,10.81935047361299,3.2892781082804463,-156.51131067807643
2.6699029126213594,19.125292740046838,4.373247390675131,-162.95234875217818
2.739251040221914,10.806849315068494,3.2873772699628643,-164.00539516433378
2.808599167822469,10.211136890951277,3.195486956780027,-163.17501736129185
2.8779472954230236,15.446700507614214,3.930229065539846,-157.5003123859176
2.9472954230235784,15.50625,3.937797607800584,-159.23357528142012
3.016643550624133,7.666917293233083,2.768919878442329,-160.48127369372727
3.085991678224688,12.603960396039604,3.550205683624486,-158.29642107629883
3.1553398058252426,9.70485436893204,3.1152615249657676,-157.78596440949852
3.2246879334257974,12.221014492753623,3.4958567609033446,-156.58275328809688
3.3633841886269074,9.761821366024519,3.1243913592929613,-153.86824249289273
3.432732316227462,13.765625,3.7102055199139574,-148.94490129098907
3.5714285714285716,7.883426966292135,2.807744106269682,-154.19329179134442
3.6407766990291264,11.71985815602837,3.4234278371287994,-162.1145430874356
3.710124826629681,14.173157162726008,3.7647253768005453,-161.42046919460532
3.779472954230236,0.0,0.0,-155.17945866451092
3.8488210818307906,13.427184466019417,3.6643122773611174,-163.89373870367314
3.9181692094313454,8.856673960612692,2.976016458390762,-162.1987748423067
4.056865464632455,25.61739864864865,5.061363319170898,-164.02396042721682
4.12621359223301,12.945754716981131,3.5980209444889466,-161.99170162111733
4.195561719833565,6.907670454545454,2.6282447478394118,-156.65418608819857
4.26490984743412,14.360759493670885,3.789559274331368,-149.9765296166431
4.334257975034674,28.595774647887325,5.347501720232292,-163.62474529196814
4.403606102635229,8.24501661129568,2.871413695602861,-161.41549131177698
4.472954230235784,10.71808510638298,3.273848668827406,-156.909334976405
4.5423023578363395,6.7105263157894735,2.59046835838415,-156.99709764609688
4.611650485436893,10.460975609756098,3.2343431496605453,-152.39959325905184
4.680998613037448,15.167247386759582,3.8945150387127256,-157.4189036671718
4.750346740638003,8.054631828978623,2.838068327045461,-156.93550037156086
4.819694868238558,6.055555555555555,2.4608038433722332,-155.93652534656155
4.958391123439667,9.159242761692651,3.026424088209161,-158.81163616860655
5.027739251040222,6.844615384615385,2.6162215855342574,-156.2542134907176
5.097087378640777,0.0,0.0,-155.17945866451092
5.166435506241331,8.608407079646017,2.934008704766572,-156.78803020419505
5.235783633841886,17.82032667876588,4.221412877078701,-156.1410144206353
5.305131761442441,12.528947368421052,3.5396253146937817,-148.401770385119
5.44382801664355,10.614466292134832,3.257985004897173,-146.52023532908106
5.513176144244105,15.633268482490273,3.9538928263788677,-155.18288915221166
5.651872399445215,13.275836972343523,3.643602197323896,-151.56137922797473
5.72122052704577,20.967032967032967,4.578977283961231,-157.21228118601957
5.790568654646325,12.191131498470948,3.491580086217549,-153.33357108158282
5.929264909847435,9.540625,3.088790216249721,-160.07853153220256
5.998613037447989,9.176576576576577,3.029286479779781,-154.42211064656934
6.067961165048544,11.310502283105023,3.3631090204013643,-157.2863247522125
6.137309292649099,14.983383685800604,3.8708375948624614,-163.14427682054375
6.206657420249654,9.842150170648464,3.1372201342348394,-154.13898742388312
6.276005547850208,25.433903576982893,5.043203701714109,-163.06560002537736
6.345353675450763,11.276902887139107,3.3581100171285496,-160.5774351887446
6.414701803051318,9.517567567567568,3.085055520986222,-161.1018534027037
6.484049930651873,14.608506944444445,3.8221076573592803,-164.92885938978523
6.553398058252427,8.14423076923077,2.85380986914524,-159.9976232877285
6.622746185852982,6.900372439478585,2.6268559989992952,-158.61000764356223
6.692094313453537,9.211432506887052,3.0350341854560803,-159.93004053367014
6.761442441054092,9.751506024096386,3.122740146745545,-162.76055395250472
6.830790568654646,30.33139534883721,5.5073946062396155,-161.00997097994338
6.900138696255201,13.16109785202864,3.62782274264174,-154.63316053078393
6.969486823855756,9.261941448382126,3.0433437939841967,-164.41021197803744
7.038834951456311,10.976984126984126,3.3131532000473696,-158.8207163594554
7.108183079056865,7.527956989247312,2.743712264295823,-162.94746567920956
7.177531206657421,0.0,0.0,-155.17945866451092
7.246879334257975,13.626819126819127,3.691452170463424,-153.0269380939039
7.31622746185853,12.492647058823529,3.534493890053218,-156.36285916895346
7.454923717059639,11.731098430813125,3.4250691132899966,-157.88399536326304
7.524271844660194,10.471590909090908,3.2359837621797345,-157.68897533094082
7.59361997226075,27.530645161290323,5.246965328767699,-148.8169242681153
7.732316227461859,10.166326530612245,3.1884677402495774,-163.67902318489527
7.801664355062414,9.583732057416269,3.095760335913662,-164.04932974843916
7.871012482662969,26.1213282247765,5.110902877650533,-169.01423690702305
7.940360610263523,12.635593220338983,3.5546579610897844,-164.08892848150148
8.009708737864077,14.207100591715976,3.769230769230769,-165.55243894054144
8.079056865464633,11.79192546583851,3.4339373124503174,-165.6446057956796
8.148404993065187,17.544270833333332,4.188588167071732,-156.4007291058292
8.217753120665742,23.917825537294565,4.890585398221216,-168.75777182253287
8.287101248266296,14.094845360824742,3.754310237690106,-159.6368609286942
8.356449375866852,10.575729927007298,3.2520347364392186,-161.1553080743817
8.425797503467406,16.739309210526315,4.091370089655336,-156.28101784739545
8.49514563106796,15.399563318777293,3.9242277353356156,-158.23531929742842
8.564493758668517,12.337463556851311,3.5124725702631916,-158.52337153556178
8.633841886269071,10.452643171806168,3.2330547740188638,-156.61355279896463
8.703190013869627,13.782640949554896,3.7124979393334208,-154.38636449789922
8.841886269070736,16.57927786499215,4.071765939367359,-157.42893566102808
8.91123439667129,12.90852390852391,3.5928434294474774,-162.47910565642323
8.980582524271846,0.0,0.0,-155.17945866451092
9.0499306518724,13.709812108559499,3.7026763440192147,-164.72159965761387
9.119278779472955,12.868715083798882,3.587299134975906,-162.92004177901148
9.188626907073509,9.7246891651865,3.118443388164438,-162.07569279637278
9.327323162274618,10.548175182481751,3.24779543421099,-161.17678972887626
9.396671289875174,33.00998336106489,5.745431520875076,-163.55976943280749
9.535367545076284,11.987373737373737,3.462278691465165,-158.0206452922685
9.604715672676837,9.0,3.0,-159.34389988484446
9.674063800277393,13.319753086419754,3.649623691070047,-155.77722681558487
9.743411927877947,8.490530303030303,2.913851455210149,-159.37268729417403
9.812760055478503,10.645331325301205,3.2627183950352205,-155.37507500508886
9.882108183079056,9.144254278728607,3.023946804877461,-161.00254302127564
9.951456310679612,12.031521739130435,3.4686484023507536,-157.73930631817416
10.020804438280166,17.980645161290322,4.24035908400342,-156.40665269051993
10.090152565880722,14.387276785714286,3.7930563910538275,-161.6762309007574
10.159500693481275,6.505364806866953,2.550561664980275,-161.55237175870766
10.228848821081831,7.940503432494279,2.8178898900585665,-159.71980861672264
10.298196948682385,6.929003021148036,2.632299948932119,-157.4875787609229
10.36754507628294,9.147321428571429,3.024453905843405,-158.66609872588214
10.436893203883496,11.181818181818182,3.3439225741362764,-160.512669138157
10.50624133148405,9.339506172839506,3.0560605643277925,-160.44361937614377
10.644937586685158,25.359173126614987,5.035789225793211,-156.66529875618366
10.714285714285715,13.678272980501394,3.698414928114664,-156.11735975452302
10.78363384188627,0.0,0.0,-155.17945866451092
10.852981969486825,13.127937336814622,3.6232495548629577,-159.75410357142397
10.922330097087379,9.512064343163539,3.0841634754279057,-158.06409784686633
10.991678224687934,33.36091954022989,5.775891233414103,-153.79097895707892
11.130374479889044,17.972093023255812,4.23935054262511,-162.16680924036916
11.199722607489598,14.053082191780822,3.748744081926749,-159.98315304552014
11.338418862690707,26.32552504038772,5.130840578344617,-156.25107946619997
11.407766990291263,17.68502581755594,4.20535680026748,-152.47348994555077
11.477115117891817,24.411960132890364,4.940846094839462,-149.63289566391572
11.546463245492372,13.716796875,3.703619429018052,-154.26424111855647
11.615811373092926,14.61952861952862,3.8235492176155677,-151.88051872810965
11.685159500693482,17.73415765069552,4.211194325924121,-154.42234687096038
11.754507628294036,23.331521739130434,4.83027139394159,-149.71878155345223
11.823855755894591,13.272629310344827,3.643161993426154,-159.77564103387988
11.893203883495145,8.268707482993197,2.875536034027951,-156.90529334422732
11.9625520110957,11.111904761904762,3.3334523788266064,-152.49993009411418
12.031900138696255,20.30716253443526,4.506346916786951,-160.12618331025274
12.10124826629681,19.240471869328495,4.386396228036006,-157.88673142417406
12.170596393897364,10.673349056603774,3.2670091913864847,-159.53869375501705
12.23994452149792,10.736486486486486,3.276657822612316,-160.6868628124694
12.309292649098476,25.288798920377868,5.028796965515497,-154.19003222450718
12.447988904299585,15.576271186440678,3.946678500516691,-162.73924409531196
12.517337031900139,7.9335443037974684,2.816654807355255,-158.10962223189586
12.586685159500695,0.0,0.0,-155.17945866451092
12.725381414701804,10.725913621262459,3.275044064018446,-149.49215763254205
12.79472954230236,13.072622107969151,3.6156081242260134,-151.05248409702884
12.933425797503467,15.834970530451866,3.9793178473768425,-152.9061642643736
13.002773925104023,27.16552901023891,5.212056121171271,-152.654771924444
13.072122052704577,11.640316205533598,3.4117907622733252,-151.77938532077118
13.141470180305133,11.16077738515901,3.3407749677520946,-147.99449172391095
13.210818307905686,14.751479289940828,3.840765456252286,-152.84070079400922
13.280166435506242,13.9070796460177,3.729219710075782,-156.02976340698035
13.349514563106796,15.347854356306891,3.9176337700590254,-147.63228068326274
13.418862690707352,9.939591078066915,3.15271170233926,-155.59051568551675
13.488210818307905,20.457894736842107,4.523040430599986,-153.53463896382294
13.557558945908461,36.27596153846154,6.022952891934448,-157.39219084439563
13.626907073509015,12.485106382978723,3.5334270026390415,-152.12384424629622
13.69625520110957,24.31307339449541,4.930828874996111,-159.17184328833213
13.765603328710124,14.177927927927929,3.765358937462394,-154.30312119840903
13.83495145631068,18.715686274509803,4.326162996757034,-153.29886257205075
13.904299583911234,16.215408805031448,4.026836078738673,-157.41519351436756
13.97364771151179,0.0,0.0,-155.17945866451092
14.042995839112344,12.075238095238095,3.474944329804162,-156.5013179439597
14.1123439667129,22.254079254079254,4.717422946278959,-156.2405603198874
14.251040221914009,20.90251572327044,4.571926915784027,-161.16313749992202
14.320388349514564,13.751798561151078,3.708341753553882,-156.96581564798154
14.389736477115118,16.65573770491803,4.081144166152187,-157.94457362895488
14.528432732316228,15.607709750566894,3.950659407056864,-160.3850941476651
14.597780859916783,12.24,3.4985711369071804,-156.39487644871815
14.667128987517337,0.16666666666666666,0.408248290463863,-155.06946200419736
14.736477115117893,10.375,3.2210246816812815,-158.2618586253012
14.805825242718447,17.950836820083683,4.236842789163139,-155.40795732140717
14.875173370319002,10.965770171149144,3.311460428745774,-157.5257979229071
14.944521497919556,10.441320293398533,3.23130318809587,-151.27560635026774
15.013869625520112,10.38037865748709,3.22185950306451,-157.89017072418181
15.083217753120666,14.914739884393063,3.861960626986384,-152.9837779817759
15.152565880721221,19.393890675241156,4.40384952913257,-151.39566428994024
15.221914008321775,18.200925925925926,4.266254320352448,-152.3688588068674
15.29126213592233,9.188732394366196,3.031292198776983,-151.208135224782
15.360610263522885,18.161417322834644,4.261621442929281,-145.50425288182296
15.42995839112344,8.859133126934985,2.9764295938145398,-152.9474318641531
15.499306518723994,11.217910447761193,3.3493149221536624,-157.5530028181252
15.56865464632455,14.89089184060721,3.858871835213915,-150.19153233265584
15.638002773925104,20.416801292407108,4.518495467786496,-154.7773386380583
15.70735090152566,8.551148225469728,2.9242346392637044,-153.49591344108387
15.846047156726769,10.488589211618256,3.238609147708049,-157.85672887989574
15.915395284327321,13.304580152671756,3.6475444003701663,-151.58742036515014
16.054091539528432,12.757961783439491,3.571828912957547,-150.0574586538222
16.123439667128988,14.650510204081632,3.827598490448238,-145.24773226383945
16.192787794729544,44.544761904761906,6.674186235396935,-155.94309107808255
16.2621359223301,0.0,0.0,-155.17945866451092
16.33148404993065,11.881198347107437,3.4469114214188092,-158.06451044933635
16.400832177531207,11.520386266094421,3.394169451588182,-156.1132359100998
16.470180305131763,0.0,0.0,-155.17945866451092
16.539528432732318,41.7046511627907,6.457913839839511,-162.79828919508702
16.60887656033287,14.275210084033613,3.778254899293272,-149.85576216533738
16.678224687933426,11.845238095238095,3.4416911679054083,-149.21865225879742
16.74757281553398,16.253846153846155,4.031605902595906,-150.45537447688534
16.816920943134537,26.97780678851175,5.194016440916581,-151.55069047455945
16.88626907073509,13.28051948051948,3.644244706454203,-159.1714118180617
16.955617198335645,12.57157894736842,3.545642247515733,-156.05687248535028
17.0249653259362,12.357712765957446,3.5153538607027097,-157.6168143082013
17.094313453536756,12.01555023923445,3.4663453721801076,-152.77638367134813
17.16366158113731,55.38942307692308,7.442407075464435,-155.7275699050079
17.233009708737864,9.66725352112676,3.1092207257006956,-153.8994240093254
17.30235783633842,8.622754491017965,2.9364527053943785,-151.93868623761617
17.371705963938975,18.343358395989974,4.282914707998511,-148.88571781271656
17.441054091539527,16.596743295019156,4.073910074488532,-159.97327724660744
17.510402219140083,11.316981132075473,3.3640721056593708,-151.14057591512653
17.649098474341194,14.958471760797343,3.8676183576973235,-154.725968532171
17.718446601941746,25.850684931506848,5.084356884750209,-149.78236341710235
17.787794729542302,21.367268041237114,4.622474233701808,-152.55327707441745
17.926490984743413,12.360248447204969,3.5157145002410206,-151.96585965308782
17.99583911234397,14.028083028083028,3.745408259199927,-157.09226005746532
18.134535367545077,11.531400966183575,3.395791655296829,-153.70512485622848
18.203883495145632,11.037135278514588,3.3222184272733464,-155.9868655016523
18.273231622746188,10.665322580645162,3.265780546920623,-151.26275344875137
18.34257975034674,10.81161971830986,3.2881027536118546,-152.4309500387063
18.411927877947296,18.46843853820598,4.2974921219481,-160.4011622093663
18.48127600554785,8.513493253373314,2.917789103649082,-158.43689164098538
18.550624133148407,11.798977853492334,3.434964025065231,-160.22043201434738
18.61997226074896,16.864963503649633,4.1066973961627165,-158.54294841981383
18.689320388349515,16.866244725738397,4.106853384982035,-160.52915844880067
18.75866851595007,49.82040382571732,7.05835702027868,-156.6074876408099
18.828016643550626,26.526584867075666,5.150396573767467,-165.4202131982754
18.897364771151178,15.039312039312039,3.8780551877599727,-166.10735834878224
18.966712898751734,33.78208955223881,5.812236192055413,-162.64287831627988
19.03606102635229,16.17145790554415,4.021375126190561,-160.533131966024
19.105409153952845,74.80756756756757,8.649136810547487,-160.2017371270762
19.244105409153953,27.906976744186046,5.282705437953743,-153.60271089611746
19.31345353675451,27.97840909090909,5.289462079541651,-150.75561445727803
19.452149791955616,31.46815589353612,5.609648464345704,-149.0181208138736
19.52149791955617,30.645212765957446,5.535811843438815,-153.25710881142643
19.590846047156727,25.1045197740113,5.010441075794755,-153.42123793025218
19.729542302357835,50.91039426523297,7.135152014164308,-156.46791995225752
19.79889042995839,42.73922800718133,6.537524608533518,-156.67479316389438
19.937586685159502,55.76245387453874,7.4674261880877495,-152.50021697753903
20.006934812760058,18.562560620756546,4.308429020043913,-156.22711292802057
20.07628294036061,27.89676113360324,5.281738457515976,-155.25336362659007
20.145631067961165,35.4987163029525,5.958079917469428,-159.56765926567758
20.21497919556172,22.80789022298456,4.775760695741,-158.77674545257497
20.284327323162277,19.85036496350365,4.455374839842732,-156.26839259987767
20.35367545076283,40.15311004784689,6.336648171379478,-159.96162431026485
20.423023578363384,21.08574610244989,4.5919218310474195,-161.41727344431717
20.49237170596394,16.249370277078086,4.031050765877066,-159.46263815282546
20.561719833564496,14.893468118195957,3.85920563305403,-161.24446689378001
20.631067961165048,17.68349358974359,4.205174620600623,-162.29908104226644
20.700416088765603,23.35233918128655,4.832425807116603,-157.79384724415607
20.76976421636616,19.516548463356973,4.41775378030023,-167.71263137696272
20.839112343966715,14.627627627627628,3.8246081665482583,-163.4101046176351
20.908460471567267,14.73132183908046,3.838140414195455,-161.30442094694013
21.047156726768378,17.777432712215322,4.216329293617296,-158.25374691135548
21.116504854368934,19.072419774501302,4.367198160663345,-158.10734946154201
21.25520110957004,23.671765734265733,4.865363885082568,-157.480887885559
21.324549237170597,52.86459430979979,7.270804240921343,-163.45000325627362
21.393897364771153,28.90937114673243,5.376743544817107,-161.04192001079755
21.53259361997226,24.355367231638418,4.9351157262660434,-158.1694070121981
21.601941747572816,28.214446952595935,5.311727304050533,-157.40043988613812
21.671289875173372,19.920037629350894,4.463186936411121,-157.2370410515704
21.740638002773924,24.497008973080757,4.949445319738441,-162.68512651128177
21.80998613037448,65.29329329329329,8.080426553919866,-160.48837973337763
21.879334257975035,80.803,8.989048892958587,-154.83924276153743
21.94868238557559,72.37720207253886,8.50747918437294,-158.94122640812566
22.018030513176146,69.73146186440678,8.350536621343972,-158.790368170038
22.0873786407767,71.3766497461929,8.448470260715421,-159.64703791391995
22.156726768377254,63.461682242990655,7.966284092535908,-161.73993178433494
22.22607489597781,56.83230633802817,7.538720470877546,-167.15644921356824
22.295423023578365,52.29708904109589,7.231672630940638,-166.1367120643435
22.364771151178918,48.00178571428572,6.928332101904882,-168.34533189122502
22.434119278779473,7.184158415841584,2.6803280425801588,-163.08382268616575
22.50346740638003,9.984343434343435,3.159801170064888,-160.02595924757074
22.642163661581137,11.95920138888889,3.458207829048001,-155.35898797017794
22.711511789181692,4.91635687732342,2.2172859259291346,-152.20167841239967
22.850208044382804,7.0268542199488495,2.6508214236249206,-156.8610758236292
22.919556171983356,8.598387096774193,2.932300649110557,-155.03670003077073
22.98890429958391,4.568904593639576,2.137499612547234,-149.96659488812534
23.058252427184467,0.0,0.0,-155.17945866451092
23.127600554785023,5.9724576271186445,2.443861212736649,-155.05920785288876
23.196948682385575,7.079831932773109,2.660795357176705,-161.80243966534067
23.26629680998613,0.0,0.0,-155.17945866451092
23.335644937586686,7.438931297709924,2.7274404297270953,-149.79296790633882
23.40499306518724,6.401734104046243,2.530164837327055,-156.43362397770153
23.474341192787794,13.084142394822006,3.6172009060628643,-155.36027869020745
23.54368932038835,5.56113537117904,2.3582059645372455,-161.49800836248704
23.613037447988905,5.19937369519833,2.280213519650809,-156.1080824540954
23.68238557558946,6.347156398104265,2.5193563459947987,-155.19382464366478
23.751733703190016,7.235526315789474,2.689893365133546,-159.26458750145508
23.82108183079057,10.154282115869018,3.18657843397413,-156.97703709472466
23.890429958391124,4.662671232876712,2.159321938219661,-155.92469157441903
23.95977808599168,8.280405405405405,2.877569357184185,-150.19260227222858
24.02912621359224,6.373205741626794,2.5245208934819283,-152.7248293234593
24.098474341192787,2.3467336683417086,1.5319052413062986,-156.241557540117
24.167822468793343,5.018691588785047,2.2402436449603083,-154.95476116324562
24.2371705963939,6.0152,2.452590467240709,-150.53980024025753
24.306518723994454,14.97718253968254,3.8700365036627935,-150.87994641506467
24.375866851595006,0.0,0.0,-155.17945866451092
24.445214979195562,4.389333333333333,2.0950735866153565,-153.6485566377316
24.514563106796118,5.877358490566038,2.42432639934602,-153.05405585904762
24.583911234396673,0.0,0.0,-155.17945866451092
24.653259361997225,3.8349958437240232,1.9583145415698733,-153.88449737991422
24.72260748959778,6.4903508771929825,2.5476167053136116,-151.0508069051954
24.791955617198337,6.3138569604086845,2.5127389359837373,-154.04780249045132
24.930651872399444,9.444790046656298,3.0732377139844385,-157.27341553017104
25.0,8.604535790219701,2.9333489035946103,-159.3043906340024
25.13869625520111,26.14971346704871,5.1136790539736365,-162.238819514736
25.208044382801663,10.075147928994083,3.174137351942112,-160.1594135821986
25.27739251040222,10.342779291553134,3.216019168405738,-157.56035123896808
25.346740638002775,8.655374592833876,2.94200180027713,-156.86204307534163
25.41608876560333,9.238271604938271,3.0394525173027906,-156.63655030220346
25.485436893203882,12.565293093441671,3.5447557170334982,-156.4706816665651
25.554785020804438,10.685635359116022,3.268889009910863,-159.47707278183205
25.624133148404994,7.946548564447159,2.818962320508587,-156.43974794751142
25.69348127600555,8.824194460146975,2.9705545711444143,-153.55326799371974
25.762829403606105,11.274038461538462,3.357683496331729,-153.56891234981774
25.832177531206657,9.45136186770428,3.074306729606576,-152.62796905556309
25.901525658807213,12.741823242867085,3.5695690556238135,-152.52563577735037
25.97087378640777,11.183959261616804,3.3442427037547384,-154.7327675596061
26.040221914008324,9.474942396313365,3.0781394374383635,-155.2643200176476
26.109570041608876,11.044049008168027,3.323258793438758,-158.8646215356323
26.248266296809987,11.091753774680605,3.33042846713161,-159.6297630411332
26.317614424410543,8.760686755430974,2.959845731694639,-160.08368467252814
26.386962552011095,0.0,0.0,-155.17945866451092
26.525658807212206,9.24074074074074,3.0398586711787674,-165.11976870246167
26.595006934812762,13.047137073452863,3.6120820967210676,-165.5769989590636
26.73370319001387,12.307941176470589,3.5082675463069504,-161.7401165557077
26.803051317614425,11.129021447721179,3.3360188020634984,-161.48188933684386
26.87239944521498,10.103284671532847,3.1785664491296775,-159.0745436523941
26.941747572815533,8.32002457002457,2.8844452794297504,-156.18416999690692
27.01109570041609,13.317567567567568,3.649324261773345,-158.51576410735532
27.080443828016644,9.11438313701178,3.01900366627995,-160.23612912166354
27.149791955617196,8.135806671204902,2.852333548378398,-161.9271446086177
27.219140083217752,8.593461538461538,2.9314606493114552,-161.45660829421104
27.288488210818308,13.141734972677595,3.625153096446769,-163.7192283157821
27.357836338418863,17.63282290279627,4.19914549674053,-164.7026670543551
27.42718446601942,16.358244365361802,4.044532651044098,-163.9063680912935
27.496532593619975,15.470821529745043,3.933296521970476,-162.45933278373266
27.565880721220527,23.867134685387416,4.88540015611694,-160.24473740185388
27.635228848821082,22.661757105943153,4.760436650764628,-159.06222687290855
27.704576976421638,67.0387303436226,8.187718262350177,-156.92165480005065
27.843273231622746,7.822671683913453,2.7969039461364154,-161.25609839689318
27.9126213592233,7.216201117318436,2.686298776628995,-161.83985850684246
28.051317614424413,8.63817427385892,2.9390771126084667,-158.48615563232752
28.120665742024965,7.887110016420361,2.808399903222538,-158.53411464917198
28.19001386962552,5.307170542635659,2.3037297025987358,-155.50059645804984
28.328710124826635,6.455263157894737,2.540720991745205,-151.63075514243857
28.398058252427184,4.91,2.215851980616034,-153.6960856363794
28.46740638002774,0.0,0.0,-155.17945866451092
28.536754507628295,7.159871244635193,2.6757935728742592,-154.16039557700825
28.60610263522885,7.950167224080268,2.819604089953103,-155.1727270376567
28.675450762829403,5.684549356223176,2.384229300261025,-156.77945895455355
28.74479889042996,9.698599618077658,3.114257474596097,-155.3929806632219
28.814147018030514,7.989130434782608,2.826504985805369,-155.97213608586435
28.88349514563107,6.29296875,2.5085790300486845,-155.33574393311727
28.952843273231622,5.410648714810281,2.3260801178829333,-153.26419595687236
29.022191400832178,12.29873417721519,3.506955114799046,-154.83876062006652
29.091539528432733,6.609053497942387,2.570807946530115,-153.67720383198807
29.16088765603329,6.363001745200698,2.5224991070762934,-159.1068895125117
29.23023578363384,5.257990867579909,2.293030934719353,-155.9571312561841
29.299583911234397,4.702284946236559,2.1684752583869984,-156.57139435301767
29.368932038834952,6.45625,2.5409151894543824,-155.4797859785476
29.438280166435508,4.6937033084311635,2.166495628528053,-157.65865000695737
29.507628294036063,10.057062436028659,3.1712871891439693,-158.58190978803927
29.64632454923717,7.440342429106474,2.727699108975635,-156.24888740137646
29.715672676837727,12.494074749316317,3.534695849619358,-156.95453918201727
29.785020804438282,0.0,0.0,-155.17945866451092
29.854368932038835,14.297818366311517,3.78124561041881,-157.36816775173403
29.92371705963939,13.996589716684156,3.741201640741134,-156.7268962524893
29.993065187239946,12.263037249283668,3.5018619689079222,-158.16600052367485
30.131761442441054,16.496260683760685,4.061558898226232,-158.2311446122379
30.20110957004161,16.40770015298317,4.050641943319993,-160.28084822352008
30.33980582524272,22.656200527704485,4.759852994337586,-159.62950905014847
30.409153952843273,22.392048591938156,4.732023731125844,-159.67414309624425
30.47850208044383,23.88630061009429,4.887361313643006,-160.06274183281207
30.547850208044384,14.68165989553105,3.8316654206142595,-160.09604115776833
30.61719833564494,17.551497635312664,4.189450755804711,-160.17930638951245
30.68654646324549,15.649557522123894,3.95595216378104,-162.90068124027405
30.755894590846047,13.511216859279402,3.67576071844719,-159.2937458119714
30.825242718446603,9.410041841004183,3.0675791499167846,-159.6909021636596
30.89459084604716,7.229521492295215,2.68877695101234,-158.07004809832193
30.96393897364771,11.58005082592122,3.4029473733693294,-157.50328765482314
31.033287101248266,6.248156342182891,2.4996312412399737,-155.9037919859857
31.102635228848822,13.283192834562698,3.6446114792337876,-156.57630114310373
31.171983356449378,10.117082533589251,3.1807361622098194,-158.84757746690528
31.24133148404993,12.902030456852792,3.5919396510594095,-158.79665245304875
31.310679611650485,15.26339522546419,3.906839544371408,-160.37302592254568
31.449375866851593,13.726973684210526,3.7049930747857713,-161.52709258771907
31.518723994452152,18.561187916026626,4.308269712544309,-161.26437637707988
31.588072122052704,11.031847133757962,3.321422456381898,-161.8324757271585
31.726768377253816,13.707452725250278,3.7023577251867867,-163.60519948115495
31.79611650485437,15.64929424538545,3.955918887614539,-164.82411114778984
31.93481276005548,17.678712220762154,4.204606072007478,-164.05361081065743
32.004160887656035,19.088699494949495,4.36906162636206,-165.66141195879462
32.07350901525659,16.609116022099446,4.075428323759288,-165.664615809171
32.142857142857146,14.56266846361186,3.8161064533909244,-165.6442433956688
32.2122052704577,20.77467411545624,4.557924320944375,-166.90157517941967
32.28155339805825,19.791405269761604,4.448753226440146,-161.4551532520697
32.350901525658806,15.110248447204969,3.887190302417026,-158.9352936476764
32.42024965325936,14.834342822531799,3.851537721810835,-160.51716492619136
32.48959778085992,22.81827160493827,4.776847454643939,-156.64451371477378
32.55894590846047,21.5163348647269,4.638570347071056,-161.206614948228
32.62829403606103,17.40919742237844,4.172433033899818,-162.95664130049283
32.697642163661584,18.26946952595937,4.274280000884286,-162.879040732708
32.76699029126214,15.367389993972273,3.920126272707586,-164.6283192955568
32.83633841886269,14.164244186046512,3.7635414420524866,-162.32510580068592
32.905686546463244,16.229240957717778,4.028553208996721,-160.9485843568412
33.044382801664355,16.01627573001436,4.0020339491331605,-162.3774409890187
33.11373092926491,22.296483622350674,4.721915249382466,-164.3859538408878
33.25242718446602,15.332018038331455,3.9156120898694056,-165.0870324525663
33.32177531206658,14.874035989717223,3.8566871780995178,-163.0606640505846
33.39112343966713,15.848678213309025,3.9810398407085836,-157.9850853054698
33.52981969486824,15.958058435438266,3.9947538641871625,-155.16006386916038
33.59916782246879,17.814875645236977,4.22076718680822,-153.53301225536183
33.737864077669904,55.40310689836756,7.443326332921831,-162.56534196169775
33.80721220527046,16.92698332491157,4.114241524863552,-159.27822012840784
33.876560332871016,13.203968253968254,3.633726496858047,-159.64949776124536
33.94590846047157,14.41350906095552,3.7965127500056575,-162.63700236793386
34.01525658807212,18.30587937151546,4.2785370597337895,-164.14533267469128
34.084604715672675,17.780962128966223,4.216747814248111,-164.53478354088023
34.15395284327323,14.233737596471885,3.772762594766849,-163.7368337992994
34.22330097087379,10.453577764636309,3.233199307904836,-162.102267841222
34.29264909847434,7.020401337792642,2.6496039964101508,-161.2662874706129
34.3619972260749,13.409689310163245,3.661924263302457,-165.66583092382862
34.431345353675454,5.175304878048781,2.2749296424392513,-161.33350367383898
34.50069348127601,6.356316297010608,2.52117359517559,-157.45711078930765
34.57004160887656,6.424418604651163,2.5346436839625333,-157.974405110924
34.63938973647711,3.84,1.9595917942265424,-157.9904334389444
34.70873786407767,4.879943502824859,2.209059415865689,-159.85222476000362
34.84743411927878,5.2757452574525745,2.2968990525168,-158.93521274464598
34.916782246879336,4.570017953321364,2.137760031743826,-157.8568757534539
34.98613037447989,5.039351851851852,2.2448500733572057,-158.58615204944007
35.124826629681,3.1939102564102564,1.7871514363394772,-158.19257024890726
35.19417475728155,5.27887323943662,2.297579865736253,-153.2337286354148
35.26352288488211,0.0,0.0,-155.17945866451092
35.33287101248266,5.039755351681957,2.244939943892031,-155.5719002055487
35.40221914008322,4.479626485568761,2.1165128125217576,-156.72535964120556
35.471567267683774,5.631849315068493,2.3731517682332273,-156.00767704503411
35.54091539528433,10.968972533062056,3.3119439205792807,-151.3601437549158
35.610263522884885,2.972972972972973,1.7242311251607114,-158.12050807863832
35.67961165048544,3.3433734939759034,1.828489402204974,-160.83742643426496
35.74895977808599,3.1689453125,1.7801531710782643,-157.0824741908304
35.818307905686545,5.071800208116545,2.2520657646073627,-157.43513219275533
35.8876560332871,2.4881656804733727,1.5773920503392214,-156.2035064216921
35.95700416088766,5.137864077669903,2.266685703327637,-153.75428528002416
36.02635228848821,5.04863813229572,2.24691747340567,-154.22173058980087
36.09570041608877,4.613067292644757,2.1478052268873817,-154.5332865389113
36.16504854368932,5.310873915943962,2.304533340167584,-157.13170493973206
36.23439667128988,4.897086763774541,2.212936231294192,-153.2878113424597
36.30374479889043,19.389432485322896,4.403343330393724,-158.1954060887151
36.44244105409154,11.014153511159499,3.318757826530809,-158.55133257583716
36.511789181692095,7.190275650842266,2.68146893527452,-152.01497580340174
36.58113730929265,0.1,0.31622776601683794,-154.59885584334745
36.650485436893206,9.650184113624409,3.106474547396841,-157.77641880949886
36.71983356449376,10.225208768267223,3.1976880348569376,-160.89024201212573
36.78918169209432,12.2539637599094,3.5005662056172286,-158.661669184625
36.858529819694866,0.07142857142857142,0.2672612419124244,-158.6379894285611
36.92787794729542,7.107482993197279,2.6659863077662793,-156.63930958485943
36.99722607489598,14.219587053571429,3.7708867728389075,-158.88748087471942
37.13592233009709,13.077751892836343,3.616317449123672,-160.56052837494096
37.205270457697644,12.657284768211921,3.55770779691249,-162.41736579884616
37.2746185852982,9.085253456221198,3.014175418953117,-163.63559235541155
37.343966712898755,13.388956310679612,3.6590922796070084,-161.57846293253462
37.41331484049931,13.600246761258482,3.687851239035881,-160.27533165001208
37.48266296809986,17.15714285714286,4.142118160693012,-159.49851520777273
37.552011095700415,14.370772946859903,3.790880233779472,-161.0269731953315
37.62135922330097,7.089179104477612,2.662551239784431,-159.09516054549866
37.690707350901526,10.922487223168654,3.304918640930311,-162.1030043896983
37.76005547850208,10.486175115207374,3.2382364205238896,-162.29464836393205
37.82940360610264,12.324051407588739,3.510562833448326,-166.35644410526902
37.898751733703186,12.22215269086358,3.496019549553975,-161.51092383907985
37.96809986130375,13.73925925925926,3.7066506794219576,-161.28688002470574
38.0374479889043,10.451794510907812,3.2329235238260448,-163.5974715319545
38.10679611650485,9.209203402938902,3.0346669344326576,-162.81712939576335
38.17614424410541,0.0,0.0,-155.17945866451092
38.245492371705964,8.487201365187714,2.9132801727928115,-164.64094181566583
38.31484049930652,8.57903357903358,2.928998733190846,-164.09997818453257
38.45353675450763,7.686911890504705,2.7725280684791462,-167.63527315036376
38.52288488210819,8.347843775427176,2.8892635351291815,-167.26579738400008
38.592233009708735,13.407726692209451,3.661656277179693,-167.15077504827386
38.73092926490985,13.189536878216124,3.6317401997136476,-171.37984538810517
38.8002773925104,10.499145785876992,3.240238538422286,-167.25588124565374
38.86962552011096,9.723491027732463,3.1182512771956756,-165.32326998590298
38.938973647711514,10.67874109263658,3.267834312298679,-164.91388934049485
39.00832177531207,9.585195530726256,3.0959966942369714,-162.0968443414044
39.077669902912625,12.645659163987139,3.556073559979762,-165.26757646738372
39.14701803051318,11.685744382022472,3.418441806148303,-165.17601649936074
39.21636615811373,11.324510514865844,3.365191007189019,-165.48131758313485
39.285714285714285,4.85377358490566,2.203128136288414,-160.5564143407725
39.35506241331484,7.772302904564316,2.787885023555368,-160.51296284110273
39.424410540915396,7.45910780669145,2.7311367242764413,-159.748912272223
39.49375866851595,6.012535816618911,2.452047270469905,-162.09932731159753
39.56310679611651,4.206161137440758,2.050892765953588,-157.53734072953608
39.63245492371706,5.019230769230769,2.2403639814170306,-162.8382928712084
39.70180305131762,5.185144124168515,2.277091154119333,-162.5242561291857
39.84049930651872,7.598540145985401,2.756544965347999,-162.5881430739056
39.90984743411928,32.175,5.67230112035671,-162.30835445344917
40.04854368932039,5.516901408450704,2.3488085082549204,-162.92180726115436
40.117891816920945,6.346590909090909,2.519244114628614,-166.44353909887684
40.1872399445215,5.2272727272727275,2.2863229709016895,-161.49675975040094
40.325936199722605,9.855633802816902,3.1393683764121887,-171.04031487073541
40.39528432732316,3.2450980392156863,1.801415565386201,-162.37802664830318
40.464632454923716,0.0,0.0,-155.17945866451092
40.53398058252427,3.8549323017408126,1.96339815160879,-161.10735914484948
40.60332871012483,3.0953237410071943,1.7593532166700336,-160.01562853996302
40.67267683772538,4.226415094339623,2.0558246750001867,-161.80066762397612
40.74202496532594,2.797164667393675,1.6724726208203455,-159.71295759017298
40.811373092926495,3.343198992443325,1.8284416841789966,-160.76698973813723
40.88072122052705,6.586280487804878,2.566374970226463,-161.61464651092422
40.9500693481276,5.6602426837972875,2.379126453931629,-160.21891288319816
41.01941747572816,12.234238178633975,3.4977475864667498,-158.65885202103087
41.08876560332871,5.0176211453744495,2.240004719944681,-157.02944674072165
41.158113730929266,7.112796208530805,2.6669826037173183,-163.08499824191958
41.22746185852982,3.9674840085287846,1.9918544144913766,-160.0408927757858
41.29680998613038,6.716053511705685,2.5915349721170435,-165.4488748626148
41.36615811373093,4.749099099099099,2.179242781128137,-162.08592396925533
41.43550624133149,6.8060518731988475,2.6088410977288072,-161.83633538579275
41.50485436893204,9.391959798994975,3.064630450640823,-162.0838364694263
41.64355062413315,7.646980461811723,2.765317425145208,-165.89437289852037
41.712898751733704,6.047750591949487,2.4592174755294596,-162.6118152450105
41.78224687933426,0.0,0.0,-155.17945866451092
41.851595006934815,5.913663663663663,2.431802554415893,-164.08920187189977
41.92094313453537,5.576579925650558,2.361478334783226,-165.08651095911756
41.990291262135926,9.928571428571429,3.1509635714446826,-167.79898710675346
42.12898751733703,7.852862254025045,2.8022958898062575,-167.044287106894
42.198335644937586,4.417094017094017,2.1016883729739804,-162.26258765499472
42.26768377253814,0.0,0.0,-155.17945866451092
42.3370319001387,18.22984065668759,4.269641748049547,-168.13416948264745
42.40638002773925,3.045289855072464,1.7450758880554347,-161.44372185695573
42.47572815533981,9.833063209076174,3.135771549248474,-160.39679021370029
42.545076282940364,3.729638009049774,1.9312270734043093,-156.06979686496342
42.61442441054092,3.0743073047858944,1.7533702703039922,-157.3552498458151
42.68377253814147,2.76131221719457,1.6617196566191814,-157.39635602668616
42.753120665742024,5.360215053763441,2.3152138246312024,-165.74591839838337
42.82246879334258,4.280434782608696,2.068921163942381,-158.65930225254633
42.891816920943135,4.129166666666666,2.0320351046836436,-160.8030101975193
42.96116504854369,2.8399209486166006,1.6852065002890895,-160.70625457668413
43.03051317614425,4.153333333333333,2.037972849017703,-158.04937728692332
43.0998613037448,8.413333333333334,2.9005746557076124,-159.15736398187823
43.16920943134536,2.92,1.7088007490635062,-159.53470018519184
43.23855755894591,6.38301282051282,2.526462511202733,-154.61501485162208
43.30790568654646,4.863175675675675,2.2052609087533557,-159.6691029577255
43.44660194174757,9.378676470588236,3.062462484764219,-163.02046948354194
43.51595006934813,6.668625146886017,2.5823681276855197,-161.68599038566984
43.65464632454924,0.0,0.0,-155.17945866451092
43.723994452149796,4.506711409395973,2.1229016485452106,-159.83651298095762
43.793342579750345,4.167192429022082,2.041370233206628,-166.73448159608154
43.932038834951456,9.011479591836734,3.00191265559755,-168.78396174979554
44.00138696255201,7.670886075949367,2.769636451946242,-159.7438538447113
44.07073509015257,5.805882352941176,2.4095398633227,-164.7912156140115
44.140083217753116,8.83596837944664,2.9725356817785453,-169.64268441955326
44.20943134535368,4.128,2.031748015872047,-161.75043235856165
44.278779472954234,4.472727272727273,2.1148823307047775,-163.19689382961647
44.34812760055478,2.7245762711864407,1.6506290531753163,-162.2302256343237
44.41747572815534,4.767955801104972,2.1835649294456467,-174.21793583836833
44.486823855755894,6.261824324324325,2.5023637474045066,-171.03685531113865
44.55617198335645,3.9699570815450644,1.9924751144104822,-161.88647758550468
44.625520110957005,3.992877492877493,1.99821857985494,-162.49499100667884
44.69486823855756,4.519464720194647,2.125903271598839,-161.31398557051895
44.76421636615812,7.41256157635468,2.722601986401002,-165.7438751822796
44.83356449375867,4.281990521327014,2.069297108036208,-166.65211985510985
44.90291262135923,6.415322580645161,2.5328487085977245,-167.4253396676398
45.04160887656033,3.8097826086956523,1.9518664423304306,-160.65410237792491
45.11095700416089,4.781947261663286,2.1867663939395277,-164.24569942031874
45.249653259362,4.350375234521576,2.085755315112867,-163.38253687963714
45.319001386962555,3.654577883472057,1.9116950288872063,-159.80895037960713
45.38834951456311,3.6841282251759186,1.9194083007989515,-160.5002374515683
45.527045769764214,5.004659289458358,2.2371095836946293,-161.34761159952535
45.59639389736477,6.364372469635628,2.5227707921322593,-162.56824706336255
45.665742024965326,0.0,0.0,-155.17945866451092
45.73509015256588,6.998686802363756,2.6455031283980284,-164.5530695678162
45.80443828016644,5.3594262295081965,2.315043461688829,-163.38631666536955
45.87378640776699,4.407894736842105,2.0994986870303363,-160.83755743794637
45.94313453536755,6.765590809628009,2.6010749334896155,-166.7551401659972
46.012482662968104,5.586766541822722,2.3636341810489037,-164.52573470771623
46.08183079056865,8.056342182890855,2.83836963464783,-165.6889417317633
46.15117891816921,5.96160064672595,2.4416389263619527,-163.34558458835158
46.220527045769764,16.131174277726,4.016363314956205,-162.4867266850153
46.28987517337032,5.6558441558441555,2.378201874493449,-160.58256879639265
46.359223300970875,3.077777777777778,1.7543596489254356,-157.03945391549547
46.42857142857143,2.9820554649265905,1.7268628969685436,-156.405410709901
46.49791955617199,3.5911330049261085,1.8950284971277103,-158.96534049235495
46.56726768377254,7.889240506329114,2.808779184330643,-160.2465782157561
46.6366158113731,3.5956284153005464,1.8962142324380298,-165.77469885165468
46.705963938973646,3.3410852713178296,1.827863581156381,-157.26232444408151
46.84466019417476,4.008064516129032,2.0020151138612894,-160.39218797658577
46.91400832177531,5.831550802139038,2.4148604104873304,-166.14123558536372
47.052704576976424,3.388888888888889,1.8408935028645435,-166.60635787555924
47.12205270457698,4.083850931677019,2.02085401048097,-160.65137767461084
47.191400832177536,4.364726027397261,2.0891926735936206,-162.7548456720693
47.33009708737864,4.644444444444445,2.155097316699282,-163.53787022834703
47.399445214979195,3.826241134751773,1.9560779981257836,-159.50405048239014
47.53814147018031,2.6880415944540728,1.6395248075140774,-156.8804209248437
47.60748959778086,1.4838709677419355,1.2181424250644648,-155.01501691370794
47.67683772538142,5.336418424451141,2.310068922013181,-161.06032631342794
47.746185852981974,4.846187175043328,2.2014057270397314,-160.86887298300377
47.81553398058252,6.031948255586045,2.4560024950284647,-163.5071708342465
47.88488210818308,5.393084622383985,2.322301578689552,-162.30757097434048
47.95423023578363,6.290888382687927,2.508164345230975,-161.62465081780132
48.02357836338419,11.639591178052717,3.411684507402863,-162.79104246278206
48.092926490984745,5.317384952520087,2.305945565818952,-159.82887446913506
48.1622746185853,7.842165242165242,2.8003866236941715,-160.769676244664
48.231622746185856,9.630151843817787,3.1032485952333544,-162.45614474632401
48.30097087378641,5.462105263157895,2.337114730422513,-160.8454779100744
48.37031900138697,11.695711929631665,3.4198994034374266,-169.3431003153211
48.439667128987516,6.739716312056737,2.5960963603180716,-160.88544185237245
48.50901525658807,8.565693430656934,2.9267205931993123,-166.80084146076533
48.64771151178918,8.686267605633804,2.947247462571442,-165.18970578514205
48.71705963938974,9.092914853946551,3.015446045603627,-165.44727187697464
48.786407766990294,7.884480337078652,2.807931683121698,-167.1199609285955
48.925104022191405,8.232280701754386,2.869195131348578,-171.1071525413729
48.994452149791954,5.179048414023372,2.2757522743091725,-164.847159302378
49.133148404993065,4.356948228882834,2.08733040721464,-164.59737841214502
49.20249653259362,9.244646333549642,3.0405010004191158,-168.329226293801
49.271844660194176,8.267495094833224,2.875325215490106,-167.7727652540742
49.34119278779473,7.098920863309353,2.6643800148082017,-165.76990815106322
49.41054091539529,8.56938775510204,2.9273516623566156,-167.51638041844598
49.47988904299584,6.888250883392226,2.624547748354414,-162.49527104302194
49.54923717059639,5.590405904059041,2.364403921511517,-162.11707233675958
49.61858529819695,5.697690217391305,2.3869834975113053,-162.35607540787458
49.6879334257975,5.2990702479338845,2.3019709485425492,-160.85367240857244
49.75728155339806,6.173359451518119,2.4846246097787326,-162.21142423488865
49.826629680998614,3.318452380952381,1.8216619831770056,-159.21951163173375
49.89597780859917,2.8920765027322406,1.7006106264316476,-158.69084826302065
49.965325936199726,4.702020202020202,2.168414213664032,-155.04080074482135
50.03467406380028,3.735294117647059,1.9326909006996071,-164.59310765831734
50.10402219140083,2.3171641791044775,1.5222234327142903,-163.16330315045613
50.24271844660194,4.514285714285714,2.1246848505803664,-154.82975732142654
50.3120665742025,3.152439024390244,1.7755109192540168,-157.28118118992285
50.45076282940361,4.2615062761506275,2.064341608394945,-159.5140051532877
50.520110957004164,8.21259842519685,2.86576314883084,-159.1101598382203
50.58945908460472,2.6653846153846152,1.632600568229907,-157.9089297133007
50.728155339805824,7.418032786885246,2.7236065771115414,-156.73624861015605
50.79750346740638,2.3612132352941178,1.5366239732914875,-157.27378690945946
50.93619972260749,13.029122679286495,3.609587605154707,-162.71310757252084
51.005547850208046,5.416830708661418,2.327408582235061,-158.8087309259759
51.0748959778086,7.005908419497785,2.6468676618784297,-158.87158093229266
51.14424410540916,5.884143085958356,2.425725270091062,-160.08427371558068
51.21359223300971,7.010325245224574,2.647701879975269,-161.01983421343166
51.28294036061026,6.746515679442509,2.597405566992284,-162.2112302333128
51.35228848821082,9.7679706601467,3.1253752830894883,-162.772307463289
51.42163661581137,9.439363817097416,3.0723547674540153,-165.05986095266513
51.49098474341193,8.211827435773145,2.8656286283768777,-162.8659582004248
51.560332871012484,10.033435426237876,3.167559853615694,-163.86363933621803
51.62968099861304,8.662287903667213,2.9431764988982927,-161.90027875263442
51.699029126213595,8.476800976800977,2.9114946293615205,-159.79086578313672
51.76837725381415,9.103102189781023,3.0171347649352724,-161.3749732397057
51.8377253814147,12.326647564469914,3.5109325776024116,-163.73220293808674
51.907073509015255,8.067153284671534,2.8402734524463544,-157.76876281572314
52.04576976421637,15.537730061349693,3.94179274713292,-162.64065809279873
52.11511789181692,13.884982935153584,3.7262558869666456,-161.31852960007103
52.25381414701803,10.636919315403423,3.261429029643819,-161.1379139638952
52.32316227461859,10.998911465892599,3.3164606836042245,-161.3314050220591
52.392510402219145,10.811299852289512,3.28805411334569,-163.3170883496578
52.53120665742025,15.393483709273182,3.9234530339068905,-168.44877859843882
52.600554785020805,16.267701863354038,4.033323922443378,-170.724794995457
52.66990291262136,17.55314465408805,4.1896473185804135,-166.89358008243414
52.73925104022192,20.185532484929674,4.492831232633791,-167.1414247026778
52.80859916782247,19.94682369735903,4.466186706504669,-169.6467751403617
52.87794729542303,29.597750865051903,5.440381499954935,-155.07688037215334
52.94729542302358,14.977697095435685,3.870102982536212,-158.2888655256841
53.01664355062413,17.927281368821294,4.234062041210697,-154.6520730486429
53.08599167822469,17.5975499092559,4.194943373784192,-168.5033080563384
53.15533980582524,16.65099833610649,4.080563482670805,-167.53968399237522
53.2246879334258,15.204525674499564,3.8992981002354212,-172.76268724462003
53.294036061026354,19.6123595505618,4.4285843732011925,-168.89453740217655
53.36338418862691,20.69155134741442,4.548796692248888,-168.18906767226662
53.432732316227465,19.213805970149252,4.383355560543686,-163.28172359635212
53.50208044382802,15.804888152444077,3.9755362094243436,-162.34736168560121
53.640776699029125,20.477107558139537,4.525163815613699,-164.9070407471255
53.71012482662968,21.859561752988046,4.675421024141895,-167.19233935413544
53.84882108183079,16.310749185667753,4.038656854161759,-167.7796137870868
53.91816920943135,20.006156837329875,4.472824257371384,-170.28067008238745
53.9875173370319,19.88469601677149,4.45922594367806,-163.04193846116613
54.126213592233015,15.177109440267335,3.895780979504281,-162.49916409852227
54.19556171983356,22.588715400993614,4.752758714788035,-165.2326131304291
54.334257975034674,30.697526949904884,5.540534897453934,-161.2026612481609
54.40360610263523,31.226594301221166,5.588076082268491,-158.6383332571038
54.472954230235786,16.83890214797136,4.103523138471545,-156.05853822532143
54.54230235783634,12.084926884139483,3.4763381429514997,-154.9091009062908
54.6116504854369,11.521428571428572,3.394322991618295,-156.02687433734692
54.68099861303745,15.402502157031924,3.924602165447082,-159.56876722428754
54.750346740638,18.669071518193224,4.320772097460502,-160.20870704399874
54.81969486823856,48.65652412280702,6.975422863368716,-160.26964292738404
54.88904299583911,17.549155609167673,4.189171231779345,-159.98393994548562
54.95839112343967,22.230504587155963,4.7149236035333555,-158.76207863376968
55.027739251040224,24.11529933481153,4.910733075092916,-156.3011990519267
55.09708737864078,19.302985074626864,4.393516254052882,-154.1547570399188
55.166435506241335,35.63544776119403,5.969543346119034,-158.92145020126236
55.23578363384189,38.01071723000825,6.165283223827454,-155.50537420692797
55.30513176144244,32.03864353312303,5.6602688569645725,-158.2733800163421
55.44382801664355,28.083603896103895,5.299396559619208,-159.89792105572437
55.513176144244106,24.299767621998452,4.929479447365457,-161.10127540306138
55.65187239944522,21.536855036855037,4.640781726913585,-159.67279350148158
55.72122052704577,22.146404109589042,4.705996611727323,-157.8686892781501
55.79056865464633,18.130697674418606,4.258015696826234,-162.52356425331797
55.92926490984743,22.775577557755774,4.77237651047733,-167.54779928220947
55.99861303744799,3.990802675585284,1.9976993456437042,-161.53245163594704
56.1373092926491,10.673364685763147,3.267011583353072,-152.93274662940493
56.206657420249655,3.3480286738351253,1.8297619172545714,-157.75113111895217
56.27600554785021,4.82116991643454,2.1957162650111557,-156.10067678947254
56.34535367545077,4.147142048670062,2.036453301372281,-153.57403522123664
56.41470180305132,3.945584577114428,1.9863495606550292,-153.3160328730883
56.48404993065187,4.873385608856089,2.2075745987069357,-150.89189229500238
56.55339805825243,2.9605358435916003,1.720620772742094,-152.04737533358082
56.62274618585298,2.7437888198757765,1.6564385952626728,-150.65713986196394
56.69209431345354,2.2318840579710146,1.4939491483885972,-156.73144398571824
56.76144244105409,3.4577246569278444,1.8594958071821093,-151.72066326842545
56.83079056865465,5.235865122615804,2.288201285423947,-150.90817188679915
56.900138696255205,7.904294478527607,2.8114577141631716,-145.6413961522598
56.96948682385576,17.73116919617763,4.210839488294185,-147.74242291734978
57.03883495145631,17.101950100372814,4.1354504108226005,-146.13381018451616
57.108183079056865,20.968949044585987,4.579186504673727,-145.09397060340672
57.246879334257976,23.503037462031724,4.847993137580923,-145.351950776463
57.31622746185853,43.28150201612903,6.578867836955613,-158.7018753700345
57.38557558945909,0.0,0.0,-155.17945866451092
57.5242718446602,52.221608040201005,7.226451967611838,167.45588512287793
57.59361997226075,56.68138586956522,7.528704129500987,169.04778676562705
57.73231622746186,69.36178861788618,8.328372507152054,160.977204651266
57.801664355062414,72.82916666666667,8.534000624951153,160.26567928989095
57.87101248266297,73.7442396313364,8.587446630479656,-176.9600037160644
57.940360610263525,72.47661290322581,8.513319734582145,-178.7852426242485
58.00970873786408,46.35464098073555,6.808424265623842,-177.74042261633014
58.079056865464636,16.495553359683793,4.061471821850275,-149.71908377953915
58.14840499306519,3.5582655826558267,1.8863365507395087,-155.31471340077044
58.21775312066574,12.901785714285714,3.5919055825961954,-159.54541303148287
58.287101248266296,23.891949152542374,4.88793915188624,-162.38017684208523
58.35644937586685,4.842161016949152,2.2004910854055173,-151.98211604893302
58.42579750346741,6.4508670520231215,2.5398557148041148,-157.98580862471684
58.49514563106796,9.7991452991453,3.1303586534365833,-158.20880628264533
58.56449375866852,7.542079207920792,2.746284618884356,-152.86605015686567
58.633841886269074,2.5869565217391304,1.6084018533125142,-159.1328326098349
58.70319001386963,5.702127659574468,2.387912824952885,-158.44783885485862
58.841886269070734,17.920626631853786,4.233276110987067,-132.33949611583367
58.91123439667129,30.264558547276142,5.501323345093991,-164.9434704094359
59.0499306518724,20.81472602739726,4.562315862300336,-165.3076857334838
59.11927877947296,20.892061281337046,4.570783442839645,-162.69448486518104
59.18862690707351,19.258775205377148,4.388482107218525,-166.04731821157733
59.32732316227462,19.51985559566787,4.418128064652254,-168.66787192451446
59.39667128987517,20.390243902439025,4.5155557689435115,-172.23597680042644
59.535367545076284,18.65163472378805,4.318753839221222,-173.51117245515397
59.60471567267684,17.998783454987834,4.242497313492118,-174.93536112740492
59.674063800277395,29.55275779376499,5.436244824671253,-170.04281990702353
59.74341192787795,10.219626168224298,3.1968150037536263,-157.82603290781933
59.812760055478506,11.564245810055866,3.4006243265106284,-157.81946886443393
59.88210818307906,14.128930817610064,3.758847006411682,-157.0019058996471
59.95145631067961,27.13215859030837,5.208853865324729,-160.67319074133357
60.020804438280166,21.68097014925373,4.656282868260232,-172.19753343363615
60.09015256588072,22.161439114391143,4.707593771173459,-168.23223352465155
60.15950069348128,24.4921875,4.948958223707288,-176.78830345463098
60.22884882108183,27.576989619377162,5.251379782435961,-176.55856740262544
60.29819694868239,22.651735270379337,4.759383917103067,-176.33032687544198
60.367545076282944,24.59203187250996,4.959035377219037,-175.78071060945575
60.4368932038835,28.695889261744966,5.356854418569257,-178.96106247159565
60.50624133148405,27.539330543933055,5.247792921212979,-172.6679861119781
60.64493758668516,30.85,5.554277630799526,-173.37326132807576
60.714285714285715,38.89036885245902,6.236214304564831,-174.67456398910528
60.85298196948683,49.20795454545455,7.014838169584139,-167.76616271314137
60.92233009708738,53.530711206896555,7.316468492852037,-162.1397110759961
60.99167822468794,53.59163987138264,7.320631111549239,-165.81417631915681
61.13037447988904,48.40547520661157,6.957404344050414,-166.40128365941897
61.1997226074896,56.12996594778661,7.491993456202869,-163.03532577452438
61.26907073509015,0.0,0.0,-155.17945866451092
61.338418862690716,61.5294540229885,7.844071265802504,-166.91495032615492
61.407766990291265,64.52797704447633,8.032930787979959,-168.5317834719962
61.47711511789182,68.90718157181571,8.301034969918854,-161.4003864748375
61.546463245492376,83.92388268156425,9.160997908610407,-157.22145586894786
61.61581137309293,83.13347457627118,9.117756005524122,-158.95461570113667
61.68515950069348,76.97490092470278,8.773534118284534,-158.45633639387142
61.754507628294036,15.547169811320755,3.9429899583083845,-158.34713803070082
61.82385575589459,19.150306748466257,4.376106345653206,-152.0944300803457
61.89320388349515,48.96099290780142,6.997213224405943,-167.13782099470092
61.9625520110957,8.176470588235293,2.8594528477027374,-153.75604584142843
62.03190013869626,10.687116564417177,3.2691155630257516,-139.40702495709834
62.101248266296814,10.123376623376624,3.1817254160874135,-152.49768373119588
62.17059639389737,39.004731861198735,6.245376839006493,-155.50032202105962
62.23994452149792,13.38785046728972,3.6589411675086714,-156.63628141135493
62.309292649098474,7.774131274131274,2.7882129176465833,-153.20674451457384
62.447988904299585,16.868020304568528,4.107069551951675,-159.86629063557783
62.51733703190014,5.957516339869281,2.4408023967272077,-154.67266508837525
62.586685159500696,20.686695278969957,4.548262885868621,-154.2390305702554
62.72538141470181,10.359437751004016,3.218608045569391,-156.5907582965563
62.794729542302356,7.537142857142857,2.7453857392255205,-151.7407240603729
62.93342579750347,15.160194174757281,3.8936094019248104,-155.42330660000812
63.00277392510402,8.70734126984127,2.950820440121911,-159.5028428696567
63.07212205270458,4.926116838487973,2.2194857148645886,-158.82335044779288
63.141470180305134,12.106537530266344,3.4794450031961053,-160.41264084545028
63.21081830790569,12.669322709163346,3.559399206209293,-157.0290567388004
63.280166435506246,18.09157509157509,4.253419223586489,-156.9207502711177
63.349514563106794,11.789297658862877,3.433554668104598,-164.2089695783258
63.41886269070735,14.759803921568627,3.8418490237864145,-160.71904224347037
63.488210818307905,29.01764705882353,5.386803046225427,-157.4471000855543
63.55755894590846,17.261410788381742,4.154685401854362,-150.3314845760411
63.62690707350902,20.690930787589497,4.548728480310679,-152.2581483279807
63.69625520110957,9.118852459016393,3.0197437737358435,-155.2299342068894
63.76560332871013,29.21990740740741,5.405544136107614,-162.19879848974185
63.834951456310684,36.36036036036036,6.029955253595201,-155.67731616576458
63.90429958391124,29.032663316582916,5.388196666472273,-162.3974350719854
64.04299583911235,24.170520231213874,4.916352329849222,-159.44259491140457
64.1123439667129,22.87866108786611,4.783164338371211,-159.5240099030296
64.25104022191401,11.84468085106383,3.4416102119594876,-159.7013819700066
64.32038834951456,35.23518518518519,5.935923279927494,-157.78365789171295
64.38973647711512,20.087570621468927,4.481915954306699,-160.73876958021688
64.52843273231623,45.0377358490566,6.711016007212067,-159.4207543526624
64.59778085991678,14.92384105960265,3.8631387574875755,-158.70880076572345
64.66712898751734,0.0,0.0,-155.17945866451092
64.73647711511789,24.897755610972567,4.989765085750287,-158.86011297046966
64.80582524271844,14.13681592039801,3.759895732649778,-155.97467124800153
64.875173370319,26.304347826086957,5.1287764453217255,-157.49430881793916
64.94452149791955,33.78662420382165,5.812626274225933,-157.55130634068527
65.01386962552012,10.470760233918128,3.235855409921483,-155.08105856099576
65.08321775312066,16.865,4.106701839676214,-156.4647285316291
65.15256588072123,11.13740458015267,3.3372750231517734,-155.97340942956592
65.22191400832178,14.380952380952381,3.7922226175361042,-155.09866282322994
65.29126213592234,12.222772277227723,3.4961081615458816,-155.1716166357644
65.36061026352289,6.8842592592592595,2.623787197784771,-156.35310108335966
65.42995839112344,5.6292682926829265,2.3726079095971433,-159.3292564771901
65.499306518724,6.0227272727272725,2.454124543035107,-159.2632712081703
65.56865464632455,6.41717791411043,2.533214936421785,-155.68201773516
65.63800277392511,5.570833333333334,2.36026128497108,-158.7501984024883
65.70735090152566,8.6875,2.947456530637899,-156.51352556709492
65.84604715672677,5.427777777777778,2.329759167334207,-155.77942676356247
65.91539528432733,6.806372549019608,2.6089025564439177,-155.76617896063928
65.98474341192788,0.0,0.0,-155.17945866451092
66.12343966712899,5.211055276381909,2.2827735928869313,-156.89115844100678
66.19278779472954,9.78066037735849,3.1274047351371856,-156.89296803066824
66.33148404993065,6.718518518518518,2.592010516668194,-154.95863004108512
66.40083217753121,6.125899280575539,2.4750554095970334,-155.29144418999235
66.47018030513176,4.711111111111111,2.1705094128132942,-161.2016068471169
66.53952843273231,10.562893081761006,3.2500604735544547,-154.76496364544616
66.60887656033287,7.515503875968992,2.741441933721922,-159.80108578016808
66.67822468793342,4.229838709677419,2.0566571687273063,-157.9918399418129
66.74757281553399,6.414972273567468,2.5327795548699985,-156.2274104995397
66.81692094313453,5.020916334661354,2.2407401309972013,-156.2684776720122
66.8862690707351,10.199088145896656,3.1936011250462473,-159.8310999389358
66.95561719833564,20.047301587301586,4.477421310006641,-159.27694164022193
67.02496532593621,30.37765330188679,5.511592628441147,-154.31869798763663
67.09431345353676,35.58023598820059,5.964917098183393,-154.75970260218347
67.1636615811373,36.298814722395505,6.024849767620394,-158.92560865833076
67.23300970873787,41.3378828229028,6.429454317662021,-159.692065123161
67.30235783633842,50.19167240192705,7.084608133265173,-159.12046804640147
67.37170596393898,0.0,0.0,-155.17945866451092
67.44105409153953,42.55172413793103,6.52316825920741,-161.19218139338125
67.51040221914009,51.09056886227545,7.147766704522151,-159.97015637621666
67.6490984743412,20.47952961672474,4.52543142879491,-165.46676109172833
67.71844660194175,19.815719360568384,4.451485073609524,-164.78098915768243
67.7877947295423,19.717142857142857,4.4403989524752,-164.20185695361732
67.85714285714286,0.0,0.0,-155.17945866451092
67.92649098474341,10.453846153846154,3.2332408128449317,-162.32550098392858
67.99583911234399,4.206467661691542,2.050967494060192,-160.39540684943296
68.13453536754508,6.132183908045977,2.476324677429431,-159.96331675451995
68.20388349514563,8.225225225225225,2.867965345889874,-161.66272884833367
68.27323162274618,6.568965517241379,2.562999320569824,-160.44228817949988
68.34257975034674,5.278443113772455,2.2974862597570533,-156.81887448842994
68.41192787794729,6.8431372549019605,2.615939077062377,-160.61787683468881
68.48127600554785,4.39568345323741,2.096588527402888,-160.82440251845495
68.5506241331484,7.334239130434782,2.708180040254854,-160.83856647429045
68.61997226074897,9.205056179775282,3.0339835496876515,-164.08677508357928
68.68932038834951,4.0157657657657655,2.0039375653362472,-158.80571168303945
68.75866851595008,4.345360824742268,2.0845529076380545,-160.4507378684557
68.82801664355063,6.883928571428571,2.623724179754528,-159.73634595656566
68.89736477115117,4.911504424778761,2.2161914233158564,-158.46903032679347
68.96671289875174,4.115183246073299,2.028591443852926,-158.95011112157462
69.03606102635229,4.13125,2.0325476624177843,-160.13833590097755
69.10540915395285,4.741463414634146,2.177490164072882,-162.31991874459268
69.24410540915396,7.06282722513089,2.6575980179724117,-161.2176630847637
69.31345353675451,6.200980392156863,2.490176779298382,-162.9139164360153
69.45214979195562,5.969613259668508,2.4432792021519987,-162.43740587593786
69.52149791955615,5.583333333333333,2.362907813126304,-159.5659760733138
69.59084604715673,7.075925925925926,2.6600612635662975,-160.4947935284178
69.72954230235784,5.218354430379747,2.284371780245008,-158.64106692852647
69.79889042995839,5.829326923076923,2.414399909517254,-159.48235446455314
69.86823855755895,5.34406779661017,2.3117239879817335,-160.99930173561268
69.9375866851595,6.012867647058823,2.4521149334928865,-158.016165582058
70.00693481276005,5.949652777777778,2.439191008875233,-160.33817541424432
70.07628294036061,6.829545454545454,2.613339904135215,-160.72339224364285
70.14563106796116,7.545454545454546,2.7468990781342053,-160.42431781092768
70.21497919556172,6.095238095238095,2.4688535993934706,-160.88106388832503
70.28432732316227,7.02808988764045,2.6510544859810876,-160.44337931086113
70.35367545076284,4.638655462184874,2.153753807236304,-162.4308560146609
70.42302357836338,4.7626112759643915,2.1823407790637077,-151.2319933528965
70.49237170596395,4.451827242524917,2.109935364537245,-154.39808543773688
70.5617198335645,6.878612716763006,2.6227109480007527,-154.31229473062294
70.63106796116504,5.05338078291815,2.2479725938983663,-161.75776247878903
70.7004160887656,4.5175953079178885,2.1254635513030773,-158.00088823668432
70.76976421636616,0.0,0.0,-155.17945866451092
70.83911234396672,5.973404255319149,2.4440548797682817,-160.73043863385053
70.90846047156727,6.520179372197309,2.553464190506166,-161.95126933310766
71.04715672676838,4.844311377245509,2.2009796403523385,-159.86706105012686
71.11650485436896,6.168067226890757,2.4835593866245187,-164.6629162062797
71.18585298196949,5.051324503311259,2.2475151842226246,-160.58236051264115
71.3245492371706,4.244047619047619,2.0601086425350528,-157.51217162818764
71.39389736477115,6.548936170212766,2.559088933627115,-159.3742682936559
71.53259361997226,6.894329896907217,2.625705599816403,-160.58032939336596
71.60194174757282,5.8584905660377355,2.4204318965915435,-163.59474651973244
71.67128987517337,7.622685185185185,2.7609210755081692,-163.36620254612566
71.74063800277392,4.62890625,2.1514893097573133,-156.51717934187954
71.80998613037448,4.979591836734694,2.2314999074019015,-158.94710129292403
71.87933425797503,4.139097744360902,2.034477265628914,-158.0953376804883
71.9486823855756,4.234126984126984,2.057699439696426,-157.84596327180589
72.01803051317614,7.411791179117912,2.722460500928877,-158.10285156002902
72.0873786407767,6.432795698924731,2.536295664729318,-159.82896205734048
72.15672676837725,7.043010752688172,2.6538671316944584,-165.37827545869834
72.22607489597782,5.786407766990291,2.4054953267446377,-162.19613786696064
72.29542302357837,5.14,2.2671568097509267,-160.66603719094107
72.36477115117891,5.977459016393443,2.4448842541914826,-160.71212955613493
72.43411927877948,4.926056338028169,2.2194720854356715,-157.36134359061367
72.50346740638003,3.7961783439490446,1.9483783882883337,-160.41115831712858
72.64216366158112,8.76241610738255,2.960137852766751,-156.39143140288115
72.7115117891817,9.861865407319954,3.1403607129309132,-158.13948177910447
72.78085991678225,0.0,0.0,-155.17945866451092
72.8502080443828,10.789029535864978,3.284665817988944,-157.75408670857576
72.91955617198336,11.76510234648028,3.430029496444641,-156.3531981590157
72.98890429958391,6.686763686763687,2.5858777401036743,-156.89912037025465
73.12760055478502,9.166991552956466,3.0277040068270322,-157.7561743231593
73.19694868238558,9.645092460881935,3.10565491658071,-160.54318785817637
73.3356449375867,42.11274509803921,6.489433341828793,-157.6688486005101
73.40499306518724,14.764643613267467,3.842478837061756,-161.09954073879436
73.47434119278779,23.581800887761574,4.856109645360324,-160.2288010774199
73.54368932038835,18.229376257545272,4.269587363849729,-160.24377781924963
73.6130374479889,17.975359342915812,4.23973576333665,-160.77816573800885
73.68238557558946,16.971230881281866,4.119615380260864,-162.39688251619026
73.75173370319001,17.200784593437945,4.147382860725297,-162.03140937505555
73.82108183079058,16.493521341463413,4.06122165628317,-161.86986942460558
73.89042995839112,11.586120401337793,3.403839068072666,-161.28905069536728
73.95977808599169,8.041212121212121,2.8357031087919133,-159.7052984704106
74.02912621359224,4.435714285714286,2.1061135500523913,-158.76237200828854
74.09847434119278,5.799180327868853,2.4081487345819927,-162.53142334431885
74.16782246879335,4.528125,2.127939143866666,-162.8759998919757
74.2371705963939,5.352201257861635,2.3134824956894824,-159.095521561179
74.30651872399446,4.354910714285714,2.086842283040507,-161.0639394662611
74.44521497919557,4.64259927797834,2.1546691806350085,-160.6819449578488
74.51456310679612,4.455696202531645,2.1108520086760336,-161.8190666163244
74.72260748959778,6.188953488372093,2.487760737766414,-161.19802302589184
74.79195561719834,6.199386503067485,2.4898567234014664,-164.2192203002528
74.93065187239945,5.093023255813954,2.2567727523643035,-164.40781015478908
75.0,2.7834728033472804,1.668374299534514,-159.66814079573734
75.06934812760056,4.51123595505618,2.123967032478654,-159.21256378162522
75.13869625520111,3.658536585365854,1.9127301391900149,-158.7114059581357
75.20804438280166,5.088353413654619,2.2557378867356506,-159.04574102242393
75.27739251040222,4.425257731958763,2.103629656560005,-153.38647227210345
75.34674063800277,3.9440894568690097,1.9859731762712731,-159.4835619524945
75.41608876560333,3.684357541899441,1.9194680361755028,-161.32076789950742
75.48543689320388,5.261744966442953,2.2938493774533133,-163.83843895361508
75.55478502080445,4.405286343612334,2.0988774008055673,-156.54927819196757
75.624133148405,3.8412322274881516,1.9599061782361296,-158.67377651830472
75.69348127600556,4.1,2.0248456731316584,-157.55517704234478
75.7628294036061,5.128712871287129,2.2646661721514563,-162.738134206491
75.83217753120665,5.886255924170616,2.4261607374967173,-158.24495628394297
75.90152565880722,9.439252336448599,3.072336624858773,-161.865964145657
76.04022191400833,3.821033210332103,1.9547463288959268,-157.02560222969353
76.10957004160888,4.25635593220339,2.0630937768805833,-156.37128053842395
76.24826629680999,4.777251184834123,2.185692381108129,-157.01614320446785
76.31761442441054,4.380281690140845,2.0929122509414593,-156.12546671309767
76.3869625520111,5.011160714285714,2.23856219799355,-160.0143075784081
76.52565880721221,6.597315436241611,2.568523980079145,-162.59576176930057
76.59500693481276,8.332446808510639,2.8865977912606113,-156.94005391914678
76.73370319001387,4.665957446808511,2.160082740732056,-159.71335241479457
76.80305131761443,4.170175438596491,2.0421007415395773,-156.9999372433544
76.87239944521498,4.443137254901961,2.1078750567578624,-159.63490309310814
76.94174757281553,4.8203125,2.195521008781287,-158.76147000559706
77.01109570041609,4.377245508982036,2.0921867767916984,-157.41033947359037
77.08044382801664,3.0489690721649483,1.7461297409313399,-159.01519722305162
77.1497919556172,4.0875,2.021756661915573,-158.33494737748165
77.21914008321775,6.5,2.5495097567963922,-158.8452215368106
77.28848821081831,4.198501872659176,2.0490246149471156,-156.54439769743175
77.35783633841888,3.08300395256917,1.7558484993213879,-158.90766789584822
77.42718446601943,5.252747252747253,2.2918872687693983,-162.43894050284675
77.49653259361997,3.9476987447698746,1.9868816635043656,-160.8665396796199
77.56588072122052,4.616666666666666,2.1486429825977758,-157.23493111911776
77.63522884882109,4.231735159817352,2.057118168656665,-152.19535609438972
77.70457697642163,4.773224043715847,2.184770936211814,-161.31849386318135
77.84327323162275,4.353092783505154,2.086406667815542,-161.64205734244422
77.91262135922331,4.410714285714286,2.100170061141308,-160.45681102717683
78.0513176144244,4.819230769230769,2.1952746455126677,-157.1386031463535
78.12066574202497,3.4564102564102566,1.8591423443110149,-160.30550851298625
78.19001386962552,4.961538461538462,2.2274511131646553,-156.6301311429662
78.32871012482663,4.809523809523809,2.193062655175134,-159.82929462570453
78.39805825242719,4.294326241134752,2.0722756190079425,-157.99293274244914
78.5367545076283,5.513888888888889,2.3481671339342287,-159.6445718750608
78.60610263522885,6.987864077669903,2.6434568424072866,-156.33581948876565
78.6754507628294,5.043032786885246,2.2456697858067303,-158.60450201037082
78.74479889042996,3.1442953020134228,1.773216090050342,-157.84427058850935
78.81414701803051,4.308988764044944,2.075810387305388,-161.5560717636861
78.88349514563107,4.115942028985507,2.0287784573445933,-160.35919563847835
78.95284327323162,7.083333333333333,2.661453237111885,-156.52099754858585
79.02219140083218,4.085836909871245,2.0213453217773663,-155.47969496471475
79.09153952843273,4.553149606299213,2.13381105215509,-156.41031060461995
79.1608876560333,3.8373015873015874,1.9589031592453945,-156.3488542214859
0.0,5.069230769230769,2.2514952296708888,-156.50267346952538
0.0,6.018867924528302,2.453338118671844,-158.21256194164977
0.0,3.513157894736842,1.8743419898025127,-158.53014607173898
0.0,3.334,1.8259244234085923,-156.84225512084208
0.0,3.650753768844221,1.910694577593243,-157.76773663414164
0.0,4.114982578397212,2.028541983395269,-156.64459504446563
